id,title,UCEN
67,Actuación,
1,Actuación Teatral,
2038,Administración de Empresas con mención en Gestión de Personas,IAN0
2039,Administración de Empresas con mención en Gestión de Personas,IAN0
2040,Administración de Empresas con mención en Gestión de Personas,IAN0
2041,Administración de Empresas con mención en Gestión de Personas,IAN0
2042,Administración de Empresas con mención en Gestión de Personas,IAN0
2043,Administración de Empresas con mención en Gestión de Personas,IAN0
2044,Administración de Empresas con mención en Gestión de Personas,IAN0
2045,Administración de Empresas con mención en Gestión de Personas,IAN0
2046,Administración de Empresas con mención en Gestión de Personas,IAN0
2047,Administración de Empresas con mención en Gestión de Personas,IAN0
2048,Administración de Empresas con mención en Gestión de Personas,IAN0
2049,Administración de Empresas con mención en Gestión de Personas,IAN0
1992,Administración de Negocios Turísticos y Hoteleros,IAN0
608,Administración de Servicios,
369,Administración Empresas de Turismo,IAN0
2204,Administración en Hotelería y Servicios,
2205,Administración en Hotelería y Servicios,
2206,Administración en Hotelería y Servicios,
2207,Administración en Hotelería y Servicios,
2208,Administración en Hotelería y Servicios,
2209,Administración Gastronómica Internacional,
2210,Administración Gastronómica Internacional,
2211,Administración Gastronómica Internacional,
2212,Administración Gastronómica Internacional,
2213,Administración Gastronómica Internacional,
2214,Administración Gastronómica Internacional,
2215,Administración Gastronómica Internacional,
2216,Administración Gastronómica Internacional,
2217,Administración Gastronómica Internacional,
556,Administración Hotelera y Gastronómica,
64,Administración Pública,APU0
209,Administración Pública,APU0
456,Administración Pública,APU0
557,Administración Pública,APU0
937,Administración Pública,APU0
1006,Administración Pública,APU0
1045,Administración Pública,APU0
1380,Administración Pública,APU0
1381,Administración Pública,APU0
1480,Administración Pública,APU0
1512,Administración Pública,APU0
2454,Administración Pública,APU0
2589,Administración Pública,APU0
2603,Administración pública,APU0
558,Administración Pública - Santiago,APU0
2218,Administración Turística Internacional,
2219,Administración Turística Internacional,
2220,Administración Turística Internacional,
1235,Administración Turística MultilingÃ¼e,
68,Agronomía,
119,Agronomía,
120,Agronomía,
312,Agronomía,
370,Agronomía,
457,Agronomía,
511,Agronomía,
807,Agronomía,
1046,Agronomía,
1100,Agronomía,
1281,Agronomía,
1447,Agronomía,
1650,Agronomía,
1681,Agronomía,
1835,Agronomía,
1951,Agronomía,
1974,Agronomía,
1993,Agronomía,
763,Analista Químico,
1282,Animación Digital,
1836,Animación Digital,
1610,Animación Digital 3D,
69,Antropología,
121,Antropología,
371,Antropología,
808,Antropología,
938,Antropología,
1047,Antropología,
40,Antropología - Arquelogía,
939,Arqueología,
1048,Arqueología,
2590,Arqueología,
8,Arquitectura,ARQ0
70,Arquitectura,ARQ0
122,Arquitectura,ARQ0
210,Arquitectura,ARQ0
305,Arquitectura,ARQ0
313,Arquitectura,ARQ0
372,Arquitectura,ARQ0
421,Arquitectura,ARQ0
458,Arquitectura,ARQ0
559,Arquitectura,ARQ0
643,Arquitectura,ARQ0
764,Arquitectura,ARQ0
855,Arquitectura,ARQ0
895,Arquitectura,ARQ0
896,Arquitectura,ARQ0
969,Arquitectura,ARQ0
1049,Arquitectura,ARQ0
1158,Arquitectura,ARQ0
1159,Arquitectura,ARQ0
1283,Arquitectura,ARQ0
1354,Arquitectura,ARQ0
1382,Arquitectura,ARQ0
1448,Arquitectura,ARQ0
1481,Arquitectura,ARQ0
1513,Arquitectura,ARQ0
1621,Arquitectura,ARQ0
1651,Arquitectura,ARQ0
1837,Arquitectura,ARQ0
1838,Arquitectura,ARQ0
1994,Arquitectura,ARQ0
2455,Arquitectura,ARQ0
1284,Arquitectura - Temuco,ARQ0
1514,Arquitectura del Paisaje,ARP0
71,Arte,
1007,Artes Escenicas,
2600,Artes Musicales y Sonoras (nueva),
2,Artes Plásticas,
123,Artes Visuales,
422,Artes Visuales,
644,Artes Visuales,
1355,Artes Visuales,
2456,Artes Visuales,
124,Astronomia,
72,Astronomía,
125,Auditoría,
126,Auditoría,
373,Auditoría,
560,Auditoría,
970,Auditoría,
1356,Auditoría,
1652,Auditoría,
1101,Auditoría - Curicó,
562,Auditoría - Santiago,
1102,Auditoría - Talca,
561,Auditoría - Vespertino,
1383,Auditoría e Ingeniería en Control de Gestión,ICG0
1384,Auditoría e Ingeniería en Control de Gestión,ICG0
459,Auditoría e Ingeniería en control de Gestión - Santiago,ICG0
460,Auditoría e Ingeniería en control de Gestión - Talca,ICG0
1050,Bachiller en Ciencias y Humanidades,
609,Bachillerato de Obstetricia y Puericultura,
610,Bachillerato en Administración de Servicios,
314,Bachillerato en Ciencias,
645,Bachillerato en Ciencias,
646,Bachillerato en Ciencias,
647,Bachillerato en Ciencias,
648,Bachillerato en Ciencias,
1008,Bachillerato en Ciencias,
856,Bachillerato en Ciencias - Chillán,
857,Bachillerato en Ciencias - Concepción,
374,Bachillerato en Ciencias de la Ingeniería,
375,Bachillerato en Ciencias de la Ingeniería,
1482,Bachillerato en Ciencias de la Ingeniería,
1009,Bachillerato en Ciencias de la Salud,
1160,Bachillerato en Ciencias de la Salud,
1161,Bachillerato en Ciencias de la Salud,
1162,Bachillerato en Ciencias de la Salud,
897,Bachillerato en Ciencias Jurídicas y Humanidades,
512,Bachillerato en Ciencias Sociales,
1010,Bachillerato en Ciencias Sociales y Artes,
423,Bachillerato en Ciencias Sociales y Humanidades,
211,Bachillerato en Ciencias y Humanidades,
1549,Bachillerato en Ciencias y Humanidades,
376,Bachillerato en Ciencias y Recursos Naturales,
611,Bachillerato en Derecho,
612,Bachillerato en Enfermería,ENF0
940,Bachillerato en Filosofía,
941,Bachillerato en Filosofía y Humanidades,
127,Bachillerato en Humanidades,
613,Bachillerato en Humanidades,
649,Bachillerato en Humanidades,
614,Bachillerato en Ingeniería Civíl,
615,Bachillerato en Ingeniería Comercial,ICO0
898,Bachillerato en Ingeniería Comercial,ICO0
616,Bachillerato en Medicina,
617,Bachillerato en Odontología,
618,Bachillerato en Psicología,PSI0
899,Bachillerato en Psicología,PSI0
619,Bachillerato Salud,
1236,Bibliotecología,
1483,Bibliotecología y Documentación,
128,Bioingenieria,
11,Biología,
73,Biología,
129,Biología,
74,Biología Marina,
130,Biología Marina,
377,Biología Marina,
563,Biología Marina,
650,Biología Marina,
765,Biología Marina,
1011,Biología Marina,
1127,Biología Marina,
1449,Biología Marina,
1622,Biología Marina,
1653,Biología Marina,
15,Biología mención en Medio Ambiente,
36,Bioquímica,
75,Bioquímica,
131,Bioquímica,
315,Bioquímica,
378,Bioquímica,
513,Bioquímica,
651,Bioquímica,
1012,Bioquímica,
1163,Bioquímica,
212,Bioquímica y Licenciatura en Bioquímica,
514,Biotecnología,
1013,Biotecnología,
1285,Biotecnología,
1682,Biotecnología,
1484,Cartografía y geomática,
76,Ciencia Política,CSP0
424,Ciencia Política,CSP0
1051,Ciencia Política,CSP0
900,Ciencia Política y Políticas Públicas,CSP0
901,Ciencia Política y Políticas Públicas,CSP0
942,Ciencia Política y Relaciones Internacionales,CSP0
1357,Ciencias de la Familia,
1683,Ciencias del Deporte y Actividad Física,PEF0
132,Ciencias Físicas,
1515,Ciencias Políticas,
133,Ciencias Políticas y Administrativas,
1623,Ciencias Políticas y Administrativas,
564,Cine,
902,Cine,
1286,Cine,
1995,Cine y Comunicación Audiovisual,
65,Cine y Televisión,
77,College Artes y Humanidades,
78,College Ciencias Naturales y Matemáticas,
79,College Ciencias Sociales,
620,Comunicación Audiovisual,
2460,Comunicación Audiovisual - Animación Digital,
2457,Comunicación Audiovisual - Cine,
2458,Comunicación Audiovisual - Guiones,
2459,Comunicación Audiovisual - Televisión,
1839,Comunicación Audiovisual y Multimedia,
2461,Comunicación Digital - Diseño y Desarrollo de videojuegos,
2462,Comunicación Digital - Interacción en Medios Digitales,
1975,Comunicación Digital y Multimedia,
80,Construcción Civil,TSC0
277,Construcción Civil,TSC0
1287,Construcción Civil,TSC0
1485,Construcción CIvil,TSC0
1810,Construcción Civil,TSC0
1840,Construcción Civil,TSC0
1841,Construcción Civil,TSC0
2221,Construcción Civil,TSC0
2222,Construcción Civil,TSC0
2223,Construcción Civil,TSC0
2224,Construcción Civil,TSC0
2225,Construcción Civil,TSC0
2226,Construcción Civil,TSC0
2227,Construcción Civil,TSC0
2228,Construcción Civil,TSC0
2229,Construcción Civil,TSC0
2230,Construcción Civil,TSC0
2231,Construcción Civil,TSC0
2232,Construcción Civil,TSC0
2233,Construcción Civil,TSC0
2234,Construcción Civil,TSC0
2235,Construcción Civil,TSC0
2236,Construcción Civil,TSC0
2237,Construcción Civil,TSC0
2238,Construcción Civil,TSC0
2239,Construcción Civil,TSC0
2240,Construcción Civil,TSC0
2241,Construcción Civil,TSC0
2242,Construcción Civil,TSC0
2243,Construcción Civil,TSC0
2244,Construcción Civil,TSC0
47,Contador Auditor,COD0
316,Contador Auditor,COD0
652,Contador Auditor,COD0
653,Contador Auditor,COD0
654,Contador Auditor,COD0
1052,Contador Auditor,COD0
1128,Contador Auditor,COD0
1516,Contador Auditor,COD0
1952,Contador Auditor,COD0
1996,Contador Auditor,COD0
1997,Contador Auditor,COD0
2050,Contador Auditor,COD0
2051,Contador Auditor,COD0
2052,Contador Auditor,COD0
2053,Contador Auditor,COD0
2054,Contador Auditor,COD0
2055,Contador Auditor,COD0
2056,Contador Auditor,COD0
2057,Contador Auditor,COD0
2058,Contador Auditor,COD0
2059,Contador Auditor,COD0
2060,Contador Auditor,COD0
2061,Contador Auditor,COD0
2062,Contador Auditor,COD0
2063,Contador Auditor,COD0
2064,Contador Auditor,COD0
2065,Contador Auditor,COD0
2066,Contador Auditor,COD0
2067,Contador Auditor,COD0
2068,Contador Auditor,COD0
2069,Contador Auditor,COD0
2070,Contador Auditor,COD0
2071,Contador Auditor,COD0
2463,Contador Auditor,COD0
425,Contador Auditor - Contador Público,COD0
426,Contador Auditor - Contador Público,COD0
766,Contador Auditor - Contador Público,COD0
809,Contador Auditor - Contador Público,COD0
767,Contador Auditor - Contador Público Vespertino,COD0
943,Contador Público Auditor,COD0
944,Contador Público Auditor (Vespertino),COD0
213,Contador Público y Auditor,COD0
461,Contador Público y Auditor,COD0
515,Contador Público y Auditor,COD0
1450,Contador Público y Auditor,COD0
1486,Contador Público y Auditor,COD0
1550,Contador Público y Auditor,COD0
1624,Contador Público y Auditor,COD0
1684,Contador Público y Auditor,COD0
1685,Contador Público y Auditor,COD0
1976,Contador Público y Auditor,COD0
2591,Contador Público y Auditor,COD0
858,Contador Público y Auditor - Chillán,COD0
859,Contador Publico y Auditor - Concepción,COD0
214,Contador Público y Auditor - Vespertino,COD0
2602,Creación Audiovisual,
2464,Danza y Coreografía,
46,Derecho,DER0
81,Derecho,DER0
134,Derecho,DER0
135,Derecho,DER0
215,Derecho,DER0
317,Derecho,DER0
379,Derecho,DER0
427,Derecho,DER0
492,Derecho,DER0
493,Derecho,DER0
516,Derecho,DER0
565,Derecho,DER0
621,Derecho,DER0
655,Derecho,DER0
656,Derecho,DER0
810,Derecho,DER0
945,Derecho,DER0
971,Derecho,DER0
1014,Derecho,DER0
1053,Derecho,DER0
1129,Derecho,DER0
1164,Derecho,DER0
1165,Derecho,DER0
1166,Derecho,DER0
1358,Derecho,DER0
1385,Derecho,DER0
1386,Derecho,DER0
1551,Derecho,DER0
1574,Derecho,DER0
1575,Derecho,DER0
1612,Derecho,DER0
1654,Derecho,DER0
1686,Derecho,DER0
1687,Derecho,DER0
1688,Derecho,DER0
1689,Derecho,DER0
1690,Derecho,DER0
1691,Derecho,DER0
1692,Derecho,DER0
1693,Derecho,DER0
1694,Derecho,DER0
1695,Derecho,DER0
1696,Derecho,DER0
1811,Derecho,DER0
1842,Derecho,DER0
1843,Derecho,DER0
1844,Derecho,DER0
1845,Derecho,DER0
1846,Derecho,DER0
1847,Derecho,DER0
1998,Derecho,DER0
1999,Derecho,DER0
2465,Derecho,DER0
2483,Derecho,DER0
2484,Derecho,DER0
2485,Derecho,DER0
2486,Derecho,DER0
2487,Derecho,DER0
2488,Derecho,DER0
2489,Derecho,DER0
2490,Derecho,DER0
2491,Derecho,DER0
2492,Derecho,DER0
2493,Derecho,DER0
2494,Derecho,DER0
2592,Derecho,DER0
1451,Derecho - Casa Central Iquique,DER0
903,Derecho - Concepción,DER0
462,Derecho - Santiago,DER0
904,Derecho - Santiago,DER0
768,Derecho - Sede Antofagasta,DER0
769,Derecho - Sede Coquimbo,DER0
1517,Derecho - Sede La Serena,DER0
1518,Derecho - Sede Santiago,DER0
1452,Derecho - Sede Victoria,DER0
463,Derecho - Talca,DER0
1290,Derecho - Temuco,DER0
1288,Derecho (Campus Oriente),DER0
1289,Derecho (Manuel Montt),DER0
811,Derecho- Inique,DER0
1237,Dibujante Proyectista,
1487,Dibujante Proyectista,
82,Dirección Audiovisual,
1130,Dirección Audiovisual y Multimedia,
1359,Dirección y Gestión de Artes Culinarias,
9,Diseño,
83,Diseño,
428,Diseño,
464,Diseño,
494,Diseño,
566,Diseño,
972,Diseño,
1291,Diseño,
1360,Diseño,
2000,Diseño,
2601,Diseño (nuevo),
905,Diseño de Ambientes y Objetos,
906,Diseño de Ambientes y Objetos,
2466,Diseño de Imagen,
1977,Diseño de Interiores,
657,Diseño de Juegos Digitales,
2245,Diseño de Moda,
2246,Diseño de Moda,
658,Diseño de Productos,
1848,Diseño de Vestuario,
659,Diseño de Vestuario y Textil,
1978,Diseño de Vestuario y Textiles,
907,Diseño Digital,
1488,Diseño en Comunicación visual,
318,Diseño Gráfico,
660,Diseño Gráfico,
860,Diseño Gráfico,
908,Diseño Gráfico,
909,Diseño Gráfico,
1054,Diseño Gráfico,
1238,Diseño Gráfico,
1849,Diseño Gráfico,
1979,Diseño Gráfico,
2467,Diseño Gráfico,
2468,Diseño Gráfico,
1015,Diseño Gráfico mención Diseño Estratégico,
2247,Diseño Gráfico Profesional,
2248,Diseño Gráfico Profesional,
2249,Diseño Gráfico Profesional,
2250,Diseño Gráfico Profesional,
2251,Diseño Gráfico Profesional,
2252,Diseño Gráfico Profesional,
2253,Diseño Gráfico Profesional,
2254,Diseño Gráfico Profesional,
2255,Diseño Gráfico Profesional,
2256,Diseño Gráfico Profesional,
2257,Diseño Gráfico Profesional,
2258,Diseño Gráfico Profesional,
2259,Diseño Gráfico Profesional,
2260,Diseño Gráfico Profesional,
2261,Diseño Gráfico Profesional,
2262,Diseño Gráfico Profesional,
2263,Diseño Gráfico Profesional,
2264,Diseño Gráfico Profesional,
2265,Diseño Gráfico Profesional,
2266,Diseño Gráfico Profesional,
319,Diseño Industrial,
861,Diseño Industrial,
1055,Diseño Industrial,
1489,Diseño Industrial,
812,Diseño Multimedia,
3,Diseño Teatral,
661,Ecoturismo,
662,Ecoturismo,
663,Ecoturismo,
1056,Eduación de Párvulos,PAR0
947,Eduación Parvularia,PAR0
136,Educación Básica,BAS0
137,Educación Básica,BAS0
320,Educación Básica,BAS0
946,Educación Básica,BAS0
1361,Educación Básica,BAS0
2001,Educación Básica,BAS0
2002,Educación Básica,BAS0
1131,Educación de Parvulos,PAR0
622,Educación de Párvulos,PAR0
138,Educación Diferencial,DIF0
139,Educación Diferencial,DIF0
1167,Educación Diferencial,DIF0
1168,Educación Diferencial,DIF0
1169,Educación Diferencial,DIF0
1625,Educación Diferencial,DIF0
1697,Educación Diferencial,DIF0
1698,Educación Diferencial,DIF0
1699,Educación Diferencial,DIF0
1700,Educación Diferencial,DIF0
1701,Educación Diferencial,DIF0
1702,Educación Diferencial,DIF0
1850,Educación Diferencial,DIF0
1851,Educación Diferencial,DIF0
1852,Educación Diferencial,DIF0
1853,Educación Diferencial,DIF0
1854,Educación Diferencial,DIF0
321,Educación Especial - Diferencial,DIF0
322,Educación Física,PEF0
664,Educación Física,PEF0
665,Educación Física,PEF0
666,Educación Física,PEF0
667,Educación General Básica,BAS0
668,Educación Musical,
140,Educación Parvularia,PAR0
323,Educación Parvularia,PAR0
567,Educación Parvularia,PAR0
669,Educación Parvularia,PAR0
1103,Educación Parvularia,PAR0
1170,Educación Parvularia,PAR0
1171,Educación Parvularia,PAR0
1362,Educación Parvularia,PAR0
1453,Educación Parvularia,PAR0
1519,Educación Parvularia,PAR0
1552,Educación Parvularia,PAR0
1703,Educación Parvularia,PAR0
1855,Educación Parvularia,PAR0
1856,Educación Parvularia,PAR0
1857,Educación Parvularia,PAR0
1953,Educación Parvularia,PAR0
2003,Educación Parvularia,PAR0
2495,Educación Parvularia,PAR0
2496,Educación Parvularia,PAR0
2497,Educación Parvularia,PAR0
2498,Educación Parvularia,PAR0
2499,Educación Parvularia,PAR0
2500,Educación Parvularia,PAR0
2501,Educación Parvularia,PAR0
2502,Educación Parvularia,PAR0
2503,Educación Parvularia,PAR0
2504,Educación Parvularia,PAR0
813,Educación Párvularia,PAR0
1626,Educación Parvularia - Campus Osorno,PAR0
814,Educación Párvularia - Iquique,PAR0
1239,Educación Parvularia - San Felipe,PAR0
1627,Educación Parvularia - Sede Chiloé,PAR0
1240,Educación Parvularia - Valparaíso,PAR0
55,Enfermería,ENF0
84,Enfermería,ENF0
118,Enfermería,ENF0
142,Enfermería,ENF0
143,Enfermería,ENF0
216,Enfermería,ENF0
380,Enfermería,ENF0
381,Enfermería,ENF0
429,Enfermería,ENF0
465,Enfermería,ENF0
517,Enfermería,ENF0
568,Enfermería,ENF0
623,Enfermería,ENF0
670,Enfermería,ENF0
671,Enfermería,ENF0
672,Enfermería,ENF0
770,Enfermería,ENF0
815,Enfermería,ENF0
862,Enfermería,ENF0
910,Enfermería,ENF0
911,Enfermería,ENF0
973,Enfermería,ENF0
1016,Enfermería,ENF0
1132,Enfermería,ENF0
1172,Enfermería,ENF0
1173,Enfermería,ENF0
1174,Enfermería,ENF0
1241,Enfermería,ENF0
1292,Enfermería,ENF0
1363,Enfermería,ENF0
1387,Enfermería,ENF0
1388,Enfermería,ENF0
1389,Enfermería,ENF0
1520,Enfermería,ENF0
1553,Enfermería,ENF0
1576,Enfermería,ENF0
1577,Enfermería,ENF0
1655,Enfermería,ENF0
1704,Enfermería,ENF0
1705,Enfermería,ENF0
1706,Enfermería,ENF0
1707,Enfermería,ENF0
1708,Enfermería,ENF0
1709,Enfermería,ENF0
1710,Enfermería,ENF0
1711,Enfermería,ENF0
1712,Enfermería,ENF0
1713,Enfermería,ENF0
1714,Enfermería,ENF0
1715,Enfermería,ENF0
1716,Enfermería,ENF0
1717,Enfermería,ENF0
1812,Enfermería,ENF0
1858,Enfermería,ENF0
1954,Enfermería,ENF0
1980,Enfermería,ENF0
2004,Enfermería,ENF0
2072,Enfermería,ENF0
2073,Enfermería,ENF0
2505,Enfermería,ENF0
2506,Enfermería,ENF0
2507,Enfermería,ENF0
2508,Enfermería,ENF0
2509,Enfermería,ENF0
2510,Enfermería,ENF0
2594,Enfermería,ENF0
1454,Enfermería - Casa Central Iquique,ENF0
1104,Enfermería - Curicó,ENF0
816,Enfermería - Iquique,ENF0
1628,Enfermería - Osorno,ENF0
1629,Enfermería - Puerto Montt,ENF0
569,Enfermería - San Felipe,ENF0
1455,Enfermería - Sede Victoria,ENF0
1105,Enfermería - Talca,ENF0
1293,Enfermería - Temuco,ENF0
141,Erfermería,
85,Estadística,
324,Estadística,
86,Filosofía,
624,Filosofía,
12,Física,
87,Física,
56,Fonoaudiología,
88,Fonoaudiología,
144,Fonoaudiología,
382,Fonoaudiología,
466,Fonoaudiología,
518,Fonoaudiología,
570,Fonoaudiología,
625,Fonoaudiología,
673,Fonoaudiología,
674,Fonoaudiología,
675,Fonoaudiología,
863,Fonoaudiología,
912,Fonoaudiología,
913,Fonoaudiología,
1017,Fonoaudiología,
1057,Fonoaudiología,
1175,Fonoaudiología,
1176,Fonoaudiología,
1177,Fonoaudiología,
1242,Fonoaudiología,
1294,Fonoaudiología,
1390,Fonoaudiología,
1391,Fonoaudiología,
1392,Fonoaudiología,
1393,Fonoaudiología,
1456,Fonoaudiología,
1554,Fonoaudiología,
1578,Fonoaudiología,
1630,Fonoaudiología,
1656,Fonoaudiología,
1718,Fonoaudiología,
1719,Fonoaudiología,
1720,Fonoaudiología,
1721,Fonoaudiología,
1722,Fonoaudiología,
1723,Fonoaudiología,
1724,Fonoaudiología,
1859,Fonoaudiología,
1860,Fonoaudiología,
1861,Fonoaudiología,
1862,Fonoaudiología,
1863,Fonoaudiología,
1864,Fonoaudiología,
2005,Fonoaudiología,
2511,Fonoaudiología,
2512,Fonoaudiología,
2513,Fonoaudiología,
2514,Fonoaudiología,
2515,Fonoaudiología,
2516,Fonoaudiología,
2517,Fonoaudiología,
2518,Fonoaudiología,
2519,Fonoaudiología,
2520,Fonoaudiología,
2521,Fonoaudiología,
2522,Fonoaudiología,
2598,Fonoaudiología,
571,Fonoaudiología - San Felipe,
145,Geofísica,
10,Geografía,
89,Geografía,
146,Geografía,
325,Geografía,
383,Geografía,
948,Geografía,
1058,Geografía,
1243,Geografía,
31,Geología,GEO0
147,Geología,GEO0
384,Geología,GEO0
676,Geología,GEO0
677,Geología,GEO0
678,Geología,GEO0
771,Geología,GEO0
914,Geología,GEO0
1059,Geología,GEO0
1295,Geología,GEO0
1521,Geología,GEO0
1725,Geología,GEO0
1813,Geología,GEO0
2523,Geología,GEO0
2524,Geología,GEO0
2525,Geología,GEO0
2526,Geología,GEO0
949,Gestión de la Información,
572,Gestión en Turismo y Cultura,
90,Historia,
626,Historia,
1364,Historia,
817,Historia y Geografía Ingreso Común,
1865,Hotelería y Turismo,
156,Ingenierá Civil Materiales,
91,Ingeniería,
2267,Ingeniería Agrícola,
2268,Ingeniería Agrícola,
2269,Ingeniería Agrícola,
2270,Ingeniería Agrícola,
2271,Ingeniería Agrícola,
2272,Ingeniería Agrícola,
2273,Ingeniería Agrícola,
2274,Ingeniería Agrícola,
2275,Ingeniería Agrícola,
2276,Ingeniería Agrícola,
2277,Ingeniería Agrícola,
2278,Ingeniería Agrícola,
148,Ingeniería Agroindustrial,IAG0
20,Ingeniería Agronóma,IAG0
974,Ingeniería Agronómica,IAG0
149,Ingeniería Ambiental,
217,Ingeniería Ambiental,
573,Ingeniería Ambiental,
679,Ingeniería Ambiental,
1244,Ingeniería Ambiental,
1631,Ingeniería Ambiental,
150,Ingeniería Ambiental - Chillán,
680,Ingeniería Bioinformática,
523,Ingeniería Biotecnología,
1110,Ingeniería Biotecnología,
151,Ingeniería Civil,
278,Ingeniería Civil,
326,Ingeniería Civil,
495,Ingeniería Civil,
519,Ingeniería Civil,
574,Ingeniería Civil,
627,Ingeniería Civil,
681,Ingeniería Civil,
682,Ingeniería Civil,
772,Ingeniería Civil,
864,Ingeniería Civil,
975,Ingeniería Civil,
1106,Ingeniería Civil,
1133,Ingeniería Civil,
1178,Ingeniería Civil,
1179,Ingeniería Civil,
2606,Ingeniería Civil,
152,Ingeniería Civil - Primer Año Común,
385,Ingeniería Civil Acústica,
153,Ingeniería Civil Aeroespacial,
154,Ingeniería Civil Agrícola - Chillán,
279,Ingeniería Civil Ambiental,
520,Ingeniería Civil Ambiental,
773,Ingeniería Civil Ambiental,
976,Ingeniería Civil Ambiental,
1060,Ingeniería Civil Ambiental,
1245,Ingeniería Civil Ambiental,
1457,Ingeniería Civil Ambiental,
155,Ingeniería Civil Biomédica,
575,Ingeniería Civil Biomédica,
327,Ingeniería Civil Bioquímica,
26,Ingeniería Civil Biotecnología,
23,Ingeniería Civil con Mención,
29,Ingeniería Civil de Minas,ICM0
157,Ingeniería Civil de Minas,ICM0
280,Ingeniería Civil de Minas,ICM0
281,Ingeniería Civil de Minas,ICM0
467,Ingeniería Civil de Minas,ICM0
774,Ingeniería Civil de Minas,ICM0
1458,Ingeniería Civil de Minas,ICM0
27,Ingeniería Civil Eléctrica,
158,Ingeniería Civil Eléctrica,
282,Ingeniería Civil Eléctrica,
283,Ingeniería Civil Eléctrica,
468,Ingeniería Civil Eléctrica,
521,Ingeniería Civil Eléctrica,
865,Ingeniería Civil Eléctrica,
818,Ingeniería Civil Eléctrica - Iquique,
159,Ingeniería Civil Electrónica,
284,Ingeniería Civil Electrónica,
329,Ingeniería Civil Electrónica,
386,Ingeniería Civil Electrónica,
522,Ingeniería Civil Electrónica,
1296,Ingeniería Civil Electrónica,
1459,Ingeniería Civil Electrónica,
1490,Ingeniería Civil Electrónica,
328,Ingeniería Civil Eleéctrica,
1955,Ingeniería Civil en Agroindustrias,IAG0
866,Ingeniería Civil en Automatización,
469,Ingeniería Civil en Bioinformática,
30,Ingeniería Civil en Computación,ICC0
470,Ingeniería Civil en Computación,ICC0
819,Ingeniería Civil en Computación e Informática,ICC0
1297,Ingeniería Civil en Computación e Informática,ICC0
1460,Ingeniería Civil en Computación e Informática,ICC0
1522,Ingeniería Civil en Computación e Informática,ICC0
1657,Ingeniería Civil en Computación e Informática,ICC0
1814,Ingeniería Civil en Computación e Informática,ICC0
775,Ingeniería Civil en Computación e Informática - Antofagasta,ICC0
776,Ingeniería Civil en Computación e Informática - Coquimbo,ICC0
1491,Ingeniería Civil en Computación mención Informática,ICC0
218,Ingeniería Civil en Electricidad,
1658,Ingeniería Civil en Electricidad mención Electrónica Industrial,
219,Ingeniería Civil en Geografía,
867,Ingeniería Civil en Idustrias de La Madera,
1956,Ingeniería Civil en Industrial,CIN0
2007,Ingeniería Civil en Industrial,CIN0
2008,Ingeniería Civil en Industrial,CIN0
220,Ingeniería Civil en Industrias,
221,Ingeniería Civil en Informática,ICC0
387,Ingeniería Civil en Informática,ICC0
1061,Ingeniería Civil en Informática,ICC0
1394,Ingeniería Civil en Informática,ICC0
1957,Ingeniería Civil en Informática,ICC0
868,Ingeniería Civil en Informática - Chillán,ICC0
869,Ingeniería Civil en Informática - Concepción,ICC0
820,Ingeniería Civil en Informática - Iquique,ICC0
1632,Ingeniería Civil en Informática - Osorno,ICC0
1633,Ingeniería Civil en Informática - Puerto Montt,ICC0
430,Ingeniería Civil en Informática y Telecomunicaciones,ICC0
1365,Ingeniería Civil en Informática y Telecomunicaciones,ICC0
1815,Ingeniería Civil en Materiales,
222,Ingeniería Civil en Mecánica,
1492,Ingeniería Civil en Mecánica,
1659,Ingeniería Civil en Mecánica,
471,Ingeniería Civil en Mecatrónica,
223,Ingeniería Civil en Metalurgia,
683,Ingeniería Civil en Metalurgia,
684,Ingeniería Civil en Metalurgia,
685,Ingeniería Civil en Metalurgia,
224,Ingeniería Civil en Minas,ICM0
977,Ingeniería Civil en Minas,ICM0
1180,Ingeniería Civil en Minas,ICM0
1181,Ingeniería Civil en Minas,ICM0
1523,Ingeniería Civil en Minas,ICM0
1726,Ingeniería Civil en Minas,ICM0
1727,Ingeniería Civil en Minas,ICM0
1816,Ingeniería Civil en Minas,ICM0
2006,Ingeniería Civil en Minas,ICM0
2527,Ingeniería Civil en Minas,ICM0
2528,Ingeniería Civil en Minas,ICM0
2529,Ingeniería Civil en Minas,ICM0
2530,Ingeniería Civil en Minas,ICM0
2531,Ingeniería Civil en Minas,ICM0
2532,Ingeniería Civil en Minas,ICM0
2533,Ingeniería Civil en Minas,ICM0
2534,Ingeniería Civil en Minas,ICM0
2535,Ingeniería Civil en Minas,ICM0
2536,Ingeniería Civil en Minas,ICM0
915,Ingeniería Civil en Minería,TMI0
916,Ingeniería Civil en Minería,TMI0
225,Ingeniería Civil en Obras Civiles,OBR0
388,Ingeniería Civil en Obras Civiles,OBR0
431,Ingeniería Civil en Obras Civiles,OBR0
472,Ingeniería Civil en Obras Civiles,OBR0
917,Ingeniería Civil en Obras Civiles,OBR0
1062,Ingeniería Civil en Obras Civiles,OBR0
1493,Ingeniería Civil en Obras Civiles,OBR0
1524,Ingeniería Civil en Obras Civiles,OBR0
1494,Ingeniería Civil en Prevención de Riesgos y Medio Ambiente,
1018,Ingeniería Civil en Procesos de minerales,
226,Ingeniería Civil en Química,
1660,Ingeniería Civil en Química,
160,Ingeniería Civil en Telecomunicaciones,
524,Ingeniería Civil Física,
1019,Ingeniería civil Geomática,
161,Ingeniería Civil Industrial,CIN0
285,Ingeniería Civil Industrial,CIN0
286,Ingeniería Civil Industrial,CIN0
331,Ingeniería Civil Industrial,CIN0
389,Ingeniería Civil Industrial,CIN0
390,Ingeniería Civil Industrial,CIN0
432,Ingeniería Civil Industrial,CIN0
473,Ingeniería Civil Industrial,CIN0
576,Ingeniería Civil Industrial,CIN0
686,Ingeniería Civil Industrial,CIN0
687,Ingeniería Civil Industrial,CIN0
688,Ingeniería Civil Industrial,CIN0
821,Ingeniería Civil Industrial,CIN0
870,Ingeniería Civil Industrial,CIN0
918,Ingeniería Civil Industrial,CIN0
919,Ingeniería Civil Industrial,CIN0
978,Ingeniería Civil Industrial,CIN0
1020,Ingeniería Civil Industrial,CIN0
1063,Ingeniería Civil Industrial,CIN0
1107,Ingeniería Civil Industrial,CIN0
1136,Ingeniería Civil Industrial,CIN0
1182,Ingeniería Civil Industrial,CIN0
1183,Ingeniería Civil Industrial,CIN0
1184,Ingeniería Civil Industrial,CIN0
1192,Ingeniería Civil Industrial,CIN0
1193,Ingeniería Civil Industrial,CIN0
1194,Ingeniería Civil Industrial,CIN0
1246,Ingeniería Civil Industrial,CIN0
1298,Ingeniería Civil Industrial,CIN0
1366,Ingeniería Civil Industrial,CIN0
1395,Ingeniería Civil Industrial,CIN0
1396,Ingeniería Civil Industrial,CIN0
1397,Ingeniería Civil Industrial,CIN0
1461,Ingeniería Civil Industrial,CIN0
1495,Ingeniería Civil Industrial,CIN0
1525,Ingeniería Civil Industrial,CIN0
1579,Ingeniería Civil Industrial,CIN0
1634,Ingeniería Civil Industrial,CIN0
1728,Ingeniería Civil Industrial,CIN0
1729,Ingeniería Civil Industrial,CIN0
1817,Ingeniería Civil Industrial,CIN0
1866,Ingeniería Civil Industrial,CIN0
1867,Ingeniería Civil Industrial,CIN0
1868,Ingeniería Civil Industrial,CIN0
1869,Ingeniería Civil Industrial,CIN0
822,Ingeniería Civil Industrial - Iquique,CIN0
577,Ingeniería Civil Industrial - Santiago,CIN0
777,Ingeniería Civil Industrial - Sede Antofagasta,CIN0
778,Ingeniería Civil Industrial - Sede Coquimbo,CIN0
1299,Ingeniería Civil Industrial - Temuco,CIN0
1615,Ingeniería Civil Industrial (Plan Especial Ejecutivo),CIN0
1021,Ingeniería Civil Industrial en Electrónica,CIN0
1022,Ingeniería Civil Industrial en Minas,ICM0
1023,Ingeniería Civil Industrial Mecánica,CIN0
525,Ingeniería Civil Industrial mención Bioprocesos,CIN0
526,Ingeniería Civil Industrial mención Informática,ICC0
527,Ingeniería Civil Industrial mención Mecánica,CIN0
162,Ingeniería Civil Informática,ICC0
287,Ingeniería Civil Informática,ICC0
288,Ingeniería Civil Informática,ICC0
332,Ingeniería Civil Informática,ICC0
528,Ingeniería Civil Informática,ICC0
578,Ingeniería Civil Informática,ICC0
689,Ingeniería Civil Informática,ICC0
690,Ingeniería Civil Informática,ICC0
1108,Ingeniería Civil Informática,ICC0
1137,Ingeniería Civil Informática,ICC0
1185,Ingeniería Civil Informática,ICC0
1195,Ingeniería Civil Informática,ICC0
2009,Ingeniería Civil Informática,ICC0
25,Ingeniería Civil Matemática,
163,Ingeniería Civil Matemática,
289,Ingeniería Civil Matemática,
290,Ingeniería Civil Matemática,
529,Ingeniería Civil Matemática,
24,Ingeniería Civil Mecánica,
164,Ingeniería Civil Mecánica,
291,Ingeniería Civil Mecánica,
292,Ingeniería Civil Mecánica,
333,Ingeniería Civil Mecánica,
391,Ingeniería Civil Mecánica,
474,Ingeniería Civil Mecánica,
530,Ingeniería Civil Mecánica,
871,Ingeniería Civil Mecánica,
979,Ingeniería Civil Mecánica,
779,Ingeniería Civil Metalúgica,
165,Ingeniería Civil Metalúrgica,
293,Ingeniería Civil Metalúrgica,
1462,Ingeniería Civil Metalúrgica,
579,Ingeniería Civil Oceánica,
580,Ingeniería Civil Oceánica,
294,Ingeniería Civil Plan Común,
295,Ingeniería Civil Plan Común,
433,Ingeniería Civil Plan Común,
780,Ingeniería Civil Plan Común,
1064,Ingeniería Civil Plan Común,
1367,Ingeniería Civil Plan Común,
28,Ingeniería Civil Química,
166,Ingeniería Civil Química,
296,Ingeniería Civil Química,
297,Ingeniería Civil Química,
334,Ingeniería Civil Química,
531,Ingeniería Civil Química,
781,Ingeniería Civil Química,
872,Ingeniería Civil Química,
1065,Ingeniería Civil Química,
298,Ingeniería Civil Telemática,
532,Ingeniería Civil Telemático,
823,Ingeniería Civil y Ejecución Eléctrica - Electrónica Ingreso Común,
330,Ingeniería civila Metalúrgica Extractiva,
48,Ingenieria Comercial,ICO0
92,Ingeniería Comercial,ICO0
167,Ingeniería Comercial,ICO0
227,Ingeniería Comercial,ICO0
299,Ingeniería Comercial,ICO0
300,Ingeniería Comercial,ICO0
392,Ingeniería Comercial,ICO0
393,Ingeniería Comercial,ICO0
434,Ingeniería Comercial,ICO0
503,Ingeniería Comercial,ICO0
504,Ingeniería Comercial,ICO0
533,Ingeniería Comercial,ICO0
581,Ingeniería Comercial,ICO0
628,Ingeniería Comercial,ICO0
691,Ingeniería Comercial,ICO0
692,Ingeniería Comercial,ICO0
693,Ingeniería Comercial,ICO0
824,Ingeniería Comercial,ICO0
920,Ingeniería Comercial,ICO0
921,Ingeniería Comercial,ICO0
950,Ingeniería Comercial,ICO0
980,Ingeniería Comercial,ICO0
1066,Ingeniería Comercial,ICO0
1109,Ingeniería Comercial,ICO0
1138,Ingeniería Comercial,ICO0
1186,Ingeniería Comercial,ICO0
1187,Ingeniería Comercial,ICO0
1188,Ingeniería Comercial,ICO0
1196,Ingeniería Comercial,ICO0
1197,Ingeniería Comercial,ICO0
1198,Ingeniería Comercial,ICO0
1368,Ingeniería Comercial,ICO0
1398,Ingeniería Comercial,ICO0
1399,Ingeniería Comercial,ICO0
1400,Ingeniería Comercial,ICO0
1401,Ingeniería Comercial,ICO0
1463,Ingeniería Comercial,ICO0
1496,Ingeniería Comercial,ICO0
1555,Ingeniería Comercial,ICO0
1580,Ingeniería Comercial,ICO0
1616,Ingeniería Comercial,ICO0
1635,Ingeniería Comercial,ICO0
1661,Ingeniería Comercial,ICO0
1730,Ingeniería Comercial,ICO0
1731,Ingeniería Comercial,ICO0
1732,Ingeniería Comercial,ICO0
1733,Ingeniería Comercial,ICO0
1734,Ingeniería Comercial,ICO0
1735,Ingeniería Comercial,ICO0
1736,Ingeniería Comercial,ICO0
1737,Ingeniería Comercial,ICO0
1738,Ingeniería Comercial,ICO0
1818,Ingeniería Comercial,ICO0
1870,Ingeniería Comercial,ICO0
1871,Ingeniería Comercial,ICO0
1872,Ingeniería Comercial,ICO0
1873,Ingeniería Comercial,ICO0
1874,Ingeniería Comercial,ICO0
1875,Ingeniería Comercial,ICO0
1958,Ingeniería Comercial,ICO0
1981,Ingeniería Comercial,ICO0
1982,Ingeniería Comercial,ICO0
2010,Ingeniería Comercial,ICO0
2011,Ingeniería Comercial,ICO0
2074,Ingeniería Comercial,ICO0
2075,Ingeniería Comercial,ICO0
2076,Ingeniería Comercial,ICO0
2077,Ingeniería Comercial,ICO0
2078,Ingeniería Comercial,ICO0
2079,Ingeniería Comercial,ICO0
2080,Ingeniería Comercial,ICO0
2081,Ingeniería Comercial,ICO0
2082,Ingeniería Comercial,ICO0
2083,Ingeniería Comercial,ICO0
2084,Ingeniería Comercial,ICO0
2085,Ingeniería Comercial,ICO0
2086,Ingeniería Comercial,ICO0
2087,Ingeniería Comercial,ICO0
2088,Ingeniería Comercial,ICO0
2089,Ingeniería Comercial,ICO0
2090,Ingeniería Comercial,ICO0
2091,Ingeniería Comercial,ICO0
2092,Ingeniería Comercial,ICO0
2093,Ingeniería Comercial,ICO0
2094,Ingeniería Comercial,ICO0
2095,Ingeniería Comercial,ICO0
2096,Ingeniería Comercial,ICO0
2097,Ingeniería Comercial,ICO0
2098,Ingeniería Comercial,ICO0
2099,Ingeniería Comercial,ICO0
2100,Ingeniería Comercial,ICO0
2101,Ingeniería Comercial,ICO0
2102,Ingeniería Comercial,ICO0
2103,Ingeniería Comercial,ICO0
2104,Ingeniería Comercial,ICO0
2105,Ingeniería Comercial,ICO0
2106,Ingeniería Comercial,ICO0
2107,Ingeniería Comercial,ICO0
2108,Ingeniería Comercial,ICO0
2109,Ingeniería Comercial,ICO0
2469,Ingeniería Comercial,ICO0
2470,Ingeniería Comercial,ICO0
168,Ingeniería Comercial - Chillán,ICO0
873,Ingeniería Comercial - Chillán,ICO0
874,Ingeniería Comercial - Concepción,ICO0
169,Ingeniería Comercial - Los Ãngeles,ICO0
475,Ingeniería Comercial - Santiago,ICO0
582,Ingeniería Comercial - Santiago,ICO0
782,Ingeniería Comercial - Sede Antofagasta,ICO0
783,Ingeniería Comercial - Sede Coquimbo,ICO0
1526,Ingeniería Comercial - Sede La Serena,ICO0
1527,Ingeniería Comercial - Sede Stgo.,ICO0
476,Ingeniería Comercial - Talca,ICO0
1300,Ingeniería Comercial (Manuel Montt),ICO0
1301,Ingeniería Comercial (Oriente),ICO0
825,Ingeniería Comercial con mención en Gestión y Comercio Exterior,ICO0
2471,Ingeniería Comercial en Programa de Titulación y Licenciatura Universitaria,ICO0
1024,Ingeniería Comercial mención Negocios Mineros,ICO0
228,Ingeniería de Alimentos,
336,Ingeniería de Alimentos,
1876,Ingeniería de Ejecución en Administración de Empresas,IAN0
1877,Ingeniería de Ejecución en Administración de Empresas,IAN0
1878,Ingeniería de Ejecución en Administración de Empresas,IAN0
1879,Ingeniería de Ejecución en Administración de Empresas,IAN0
1880,Ingeniería de Ejecución en Administración de Empresas,IAN0
1528,Ingeniería de Ejecución en Administración de Negocios,IAN0
337,Ingeniería de Ejecución en Bioprocesos,
1497,Ingeniería de Ejecución en Biotecnología,
229,Ingeniería de Ejecución en Climatización,
230,Ingeniería de Ejecución en Computación e Informática,ICC0
875,Ingeniería de Ejecución en Computación e Informática,ICC0
231,Ingeniería de Ejecución en Electricidad,
876,Ingeniería de Ejecución en Electricidad,
1025,Ingeniería de Ejecución en Electricidad,
877,Ingeniería de Ejecución en Electrónica,
232,Ingeniería de Ejecución en Geomensura,
233,Ingeniería de Ejecución en Industria,
338,Ingeniería de Ejecución en Informática,ICC0
1881,Ingeniería de Ejecución en Informática,ICC0
1882,Ingeniería de Ejecución en Informática,ICC0
1883,Ingeniería de Ejecución en Informática,ICC0
234,Ingeniería de Ejecución en Mecánica,
878,Ingeniería de Ejecución en Mecánica,
981,Ingeniería de Ejecución en Mecánica,
1026,Ingeniería de ejecución en Mecánica,
301,Ingeniería de Ejecución en Mecánica de Procesos y Mantenimiento Industrial,
302,Ingeniería de Ejecución en Mecánica de Procesos y Mantenimiento Industrial,
235,Ingeniería de Ejecución en Metalurgia,
236,Ingeniería de Ejecución en Minas,ICM0
982,Ingeniería de Ejecución en Minas,ICM0
1027,Ingeniería de Ejecución en Minas,ICM0
1581,Ingeniería de Ejecución en Prevención de Riesgos y Medio Ambiente,
1582,Ingeniería de Ejecución en Prevención de Riesgos y Medio Ambiente,
237,Ingeniería de Ejecución en Química,
1139,Ingeniería de Ejecución Industrial,CIN0
1884,Ingeniería de Ejecución Industrial,CIN0
1885,Ingeniería de Ejecución Industrial,CIN0
1886,Ingeniería de Ejecución Industrial,CIN0
339,Ingeniería Eléctrica,
340,Ingeniería Electrónica,
2110,Ingeniería Electrónica,
2111,Ingeniería Electrónica,
2112,Ingeniería Electrónica,
2113,Ingeniería Electrónica,
2114,Ingeniería Electrónica,
2115,Ingeniería Electrónica,
2116,Ingeniería Electrónica,
2117,Ingeniería Electrónica,
2118,Ingeniería Electrónica,
2119,Ingeniería Electrónica,
2120,Ingeniería Electrónica,
2121,Ingeniería Electrónica,
694,Ingeniería en Acuicultura,
784,Ingeniería en Acuicultura,
1067,Ingeniería en Acuicultura,
1302,Ingeniería en Administración,
1556,Ingeniería en Administración,
1498,Ingeniería en Administración Agroindustrial,IAG0
695,Ingeniería en Administración de Empresas,IAN0
696,Ingeniería en Administración de Empresas,IAN0
697,Ingeniería en Administración de Empresas,IAN0
698,Ingeniería en Administración de Empresas,IAN0
983,Ingeniería en Administración de Empresas,IAN0
435,Ingeniería en Administración de Empresas (V),IAN0
2122,Ingeniería en Administración de Empresas mención Finanzas,IAN0
2123,Ingeniería en Administración de Empresas mención Finanzas,IAN0
2124,Ingeniería en Administración de Empresas mención Finanzas,IAN0
2125,Ingeniería en Administración de Empresas mención Finanzas,IAN0
2126,Ingeniería en Administración de Empresas mención Finanzas,IAN0
2127,Ingeniería en Administración de Empresas mención Finanzas,IAN0
2128,Ingeniería en Administración de Empresas mención Finanzas,IAN0
2129,Ingeniería en Administración de Empresas mención Finanzas,IAN0
2130,Ingeniería en Administración de Empresas mención Finanzas,IAN0
2131,Ingeniería en Administración de Empresas mención Finanzas,IAN0
2132,Ingeniería en Administración de Empresas mención Finanzas,IAN0
2133,Ingeniería en Administración de Empresas mención Finanzas,IAN0
2134,Ingeniería en Administración de Empresas mención Finanzas,IAN0
2135,Ingeniería en Administración de Empresas mención Finanzas,IAN0
2136,Ingeniería en Administración de Empresas mención Finanzas,IAN0
2137,Ingeniería en Administración de Empresas mención Finanzas,IAN0
2138,Ingeniería en Administración de Empresas mención Finanzas,IAN0
2139,Ingeniería en Administración de Empresas mención Finanzas,IAN0
2140,Ingeniería en Administración de Empresas mención Finanzas,IAN0
2141,Ingeniería en Administración de Empresas mención Finanzas,IAN0
2142,Ingeniería en Administración de Empresas mención Finanzas,IAN0
2143,Ingeniería en Administración de Empresas mención Finanzas,IAN0
2144,Ingeniería en Administración de Empresas mención Finanzas,IAN0
2145,Ingeniería en Administración de Empresas mención Finanzas,IAN0
2146,Ingeniería en Administración de Empresas mención Finanzas,IAN0
2147,Ingeniería en Administración de Empresas mención Finanzas,IAN0
2148,Ingeniería en Administración de Empresas mención Finanzas,IAN0
2149,Ingeniería en Administración de Empresas mención Finanzas,IAN0
2150,Ingeniería en Administración de Empresas mención Finanzas,IAN0
2151,Ingeniería en Administración de Empresas mención Finanzas,IAN0
2152,Ingeniería en Administración de Empresas mención Finanzas,IAN0
2153,Ingeniería en Administración de Empresas mención Finanzas,IAN0
2154,Ingeniería en Administración de Empresas mención Finanzas,IAN0
2155,Ingeniería en Administración de Empresas mención Finanzas,IAN0
2156,Ingeniería en Administración de Empresas mención Finanzas,IAN0
2157,Ingeniería en Administración de Empresas mención Finanzas,IAN0
2158,Ingeniería en Administración de Empresas mención Finanzas,IAN0
2159,Ingeniería en Administración de Empresas mención Finanzas,IAN0
2160,Ingeniería en Administración de Empresas mención Finanzas,IAN0
2161,Ingeniería en Administración de Empresas mención Finanzas,IAN0
2162,Ingeniería en Administración de Empresas mención Finanzas,IAN0
2163,Ingeniería en Administración de Empresas mención Finanzas,IAN0
2164,Ingeniería en Administración de Empresas mención Gestión de Personas,IAN0
2165,Ingeniería en Administración de Empresas mención Gestión de Personas,IAN0
2166,Ingeniería en Administración de Empresas mención Gestión de Personas,IAN0
2167,Ingeniería en Administración de Empresas mención Gestión de Personas,IAN0
2168,Ingeniería en Administración de Empresas mención Gestión de Personas,IAN0
2169,Ingeniería en Administración de Empresas mención Gestión de Personas,IAN0
2170,Ingeniería en Administración de Empresas mención Gestión de Personas,IAN0
2171,Ingeniería en Administración de Empresas mención Gestión de Personas,IAN0
2172,Ingeniería en Administración de Empresas mención Gestión de Personas,IAN0
2173,Ingeniería en Administración de Empresas mención Gestión de Personas,IAN0
2174,Ingeniería en Administración de Empresas mención Gestión de Personas,IAN0
2175,Ingeniería en Administración de Empresas mención Gestión de Personas,IAN0
2176,Ingeniería en Administración de Empresas mención Gestión de Personas,IAN0
2177,Ingeniería en Administración de Empresas mención Gestión de Personas,IAN0
2178,Ingeniería en Administración de Empresas mención Marketing y Ventas,IAN0
2179,Ingeniería en Administración de Empresas mención Marketing y Ventas,IAN0
2180,Ingeniería en Administración de Empresas mención Marketing y Ventas,IAN0
2181,Ingeniería en Administración de Empresas mención Marketing y Ventas,IAN0
2182,Ingeniería en Administración de Empresas mención Marketing y Ventas,IAN0
2183,Ingeniería en Administración de Empresas mención Marketing y Ventas,IAN0
2184,Ingeniería en Administración de Empresas mención Marketing y Ventas,IAN0
2185,Ingeniería en Administración de Empresas mención Marketing y Ventas,IAN0
2186,Ingeniería en Administración de Empresas mención Marketing y Ventas,IAN0
2187,Ingeniería en Administración de Empresas mención Marketing y Ventas,IAN0
2188,Ingeniería en Administración de Empresas mención Marketing y Ventas,IAN0
2189,Ingeniería en Administración de Empresas mención Marketing y Ventas,IAN0
2190,Ingeniería en Administración de Empresas mención Marketing y Ventas,IAN0
2191,Ingeniería en Administración de Empresas mención Marketing y Ventas,IAN0
2192,Ingeniería en Administración de Empresas mención Marketing y Ventas,IAN0
2193,Ingeniería en Administración de Empresas mención Marketing y Ventas,IAN0
2194,Ingeniería en Administración de Empresas mención Marketing y Ventas,IAN0
2195,Ingeniería en Administración de Empresas mención Marketing y Ventas,IAN0
2196,Ingeniería en Administración de Empresas mención Marketing y Ventas,IAN0
2197,Ingeniería en Administración de Empresas mención Marketing y Ventas,IAN0
2198,Ingeniería en Administración de Empresas mención Marketing y Ventas,IAN0
2199,Ingeniería en Administración de Empresas mención Marketing y Ventas,IAN0
2200,Ingeniería en Administración de Empresas mención Marketing y Ventas,IAN0
2201,Ingeniería en Administración de Empresas mención Marketing y Ventas,IAN0
2202,Ingeniería en Administración de Empresas mención Marketing y Ventas,IAN0
2203,Ingeniería en Administración de Empresas mención Marketing y Ventas,IAN0
699,Ingeniería en Administración Hotelera Internacional,
1959,Ingeniería en Agroindustrias,IAG0
238,Ingeniería en Agronegocios,IAG0
1529,Ingeniería en Agronegocios,IAG0
37,Ingeniería en Alimentos,
394,Ingeniería en Alimentos,
879,Ingeniería en Alimentos,
984,Ingeniería en Alimentos,
1636,Ingeniería en Alimentos,
700,Ingeniería en Automatizaión y Robótica,
303,Ingeniería en Aviación Comercial,
1887,Ingeniería en Bíoprocesos,
239,Ingeniería en Biotecnología,
701,Ingeniería en Biotecnología,
702,Ingeniería en Biotecnología,
1464,Ingeniería en Biotecnología,
1499,Ingeniería en Biotecnología,
170,Ingeniería en Biotecnología Marina y Acuicultura,
16,Ingeniería en Biotecnología Molecular,
171,Ingeniería en Biotecnología Vegetal,
172,Ingeniería en Biotecnología Vegetal - Los Ãngeles,
2279,Ingeniería en Climatización,
2280,Ingeniería en Climatización,
2281,Ingeniería en Climatización,
2282,Ingeniería en Climatización,
2283,Ingeniería en Comercio Exterior,
2284,Ingeniería en Comercio Exterior,
1500,Ingeniería en Comercio Internacional,
985,Ingeniería en Computación,ICC0
703,Ingeniería en Computación e Informática,ICC0
785,Ingeniería en Computación e Informática,ICC0
1662,Ingeniería en Computación e Informática,ICC0
173,Ingeniería en Conservación de Recursos Naturales,
395,Ingeniería en Conservación de Recursos Naturales - Ingeniería Forestal,
341,Ingeniería en Construcción,CON0
396,Ingeniería en Construcción,CON0
534,Ingeniería en Construcción,CON0
583,Ingeniería en Construcción,CON0
786,Ingeniería en Construcción,CON0
880,Ingeniería en Construcción,CON0
986,Ingeniería en Construcción,CON0
1111,Ingeniería en Construcción,CON0
1402,Ingeniería en Construcción,CON0
1403,Ingeniería en Construcción,CON0
1404,Ingeniería en Construcción,CON0
1501,Ingeniería en Construcción,CON0
1530,Ingeniería en Construcción,CON0
1663,Ingeniería en Construcción,CON0
2012,Ingeniería en Construcción,CON0
2013,Ingeniería en Construcción,CON0
1303,Ingeniería en Construcción - Temuco,CON0
436,Ingeniería en Control de Gestión,ICG0
1531,Ingeniería en Control de Gestión,ICG0
1583,Ingeniería en Control de Gestión,ICG0
1739,Ingeniería en Control de Gestión,ICG0
1740,Ingeniería en Control de Gestión,ICG0
2472,Ingeniería en Control de Gestión,ICG0
2599,Ingeniería en Control de Gestión,ICG0
477,Ingeniería en Desarrollo de Videojuegos y Realidad Virtual,
304,Ingeniería en Diseño de Productos,
1960,Ingeniería en Electrónica y Telecomunicaciones,
1189,Ingeniería en Energía y Sustentabilidad Ambiental,
1190,Ingeniería en Energía y Sustentabilidad Ambiental,
1199,Ingeniería en Energía y Sustentabilidad Ambiental,
1200,Ingeniería en Energía y Sustentabilidad Ambiental,
584,Ingeniería en Estadística,
881,Ingeniería en Estadística,
1191,Ingeniería en Expediciones y Ecoturismo,
1201,Ingeniería en Expediciones y Ecoturismo,
306,Ingeniería en Fabricación y Diseño Industrial,
1502,Ingeniería en Geomensura,
2285,Ingeniería en Geomensura,
2286,Ingeniería en Geomensura,
2287,Ingeniería en Geomensura,
2288,Ingeniería en Geomensura,
2289,Ingeniería en Geomensura,
2290,Ingeniería en Geomensura,
1584,Ingeniería en Geomensura y Cartografía,
1585,Ingeniería en Geomensura y Cartografía,
2014,Ingeniería en Gestión de Negocios Internacioles,IAN0
1503,Ingeniería en Gestión Turística,
1504,Ingeniería en Industria Alimentaria,
437,Ingeniería en Industria y Logística (V),
49,Ingenieria en Información y Control de Gestión,ICG0
397,Ingeniería en Información y Control de Gestión,ICG0
585,Ingeniería en Información y Control de Gestión,ICG0
1369,Ingeniería en Información y Control de Gestión,ICG0
1465,Ingeniería en Información y Control de Gestión,ICG0
788,Ingeniería en Información y Control de Gestión - Antofagasta,ICG0
787,Ingeniería en Información y Control de Gestión - Coquimbo,ICG0
1405,Ingeniería en Informática,
1505,Ingeniería en Informática,
1586,Ingeniería en Informática,
1587,Ingeniería en Informática,
1961,Ingeniería en Informática,
2604,Ingeniería en informática,
478,Ingeniería en Informática Empresarial,ICC0
438,Ingeniería en Informática y Gestión (v),
704,Ingeniería en Logística y Transporte,
2297,Ingeniería en Maquinaria,
2298,Ingeniería en Maquinaria,
2299,Ingeniería en Maquinaria,
2300,Ingeniería en Maquinaria,
2301,Ingeniería en Maquinaria,
2302,Ingeniería en Maquinaria,
2303,Ingeniería en Maquinaria,
2304,Ingeniería en Maquinaria,
2305,Ingeniería en Maquinaria,
2306,Ingeniería en Maquinaria,
2307,Ingeniería en Maquinaria,
2308,Ingeniería en Maquinaria,
2309,Ingeniería en Maquinaria,
2310,Ingeniería en Maquinaria,
2311,Ingeniería en Maquinaria,
2312,Ingeniería en Maquinaria,
2313,Ingeniería en Maquinaria,
2314,Ingeniería en Maquinaria,
2315,Ingeniería en Maquinaria,
2316,Ingeniería en Maquinaria,
2317,Ingeniería en Maquinaria,
2318,Ingeniería en Maquinaria,
2319,Ingeniería en Maquinaria,
2320,Ingeniería en Maquinaria,
2321,Ingeniería en Maquinaria,
2322,Ingeniería en Maquinaria,
2323,Ingeniería en Maquinaria,
2324,Ingeniería en Maquinaria,
2325,Ingeniería en Maquinaria,
2326,Ingeniería en Maquinaria,
2291,Ingeniería en Maquinaria Pesada y Vehículos Automotrices,
2292,Ingeniería en Maquinaria Pesada y Vehículos Automotrices,
2293,Ingeniería en Maquinaria Pesada y Vehículos Automotrices,
2294,Ingeniería en Maquinaria Pesada y Vehículos Automotrices,
2295,Ingeniería en Maquinaria Pesada y Vehículos Automotrices,
2296,Ingeniería en Maquinaria Pesada y Vehículos Automotrices,
705,Ingeniería en Marina Mercante,
706,Ingeniería en Marina Mercante,
1665,Ingeniería en Mecánica,
2015,Ingeniería en Medio Ambiente y Recursos Naturales,
789,Ingeniería en Metalurgia,
2327,Ingeniería en Metalurgia,
2328,Ingeniería en Metalurgia,
2329,Ingeniería en Metalurgia,
2330,Ingeniería en Metalurgia,
1888,Ingeniería en Minas,ICM0
1889,Ingeniería en Minas,ICM0
1890,Ingeniería en Minas,ICM0
2331,Ingeniería en Minas,ICM0
2332,Ingeniería en Minas,ICM0
2333,Ingeniería en Minas,ICM0
2334,Ingeniería en Minas,ICM0
2335,Ingeniería en Minas,ICM0
2336,Ingeniería en Minas,ICM0
2337,Ingeniería en Minas,ICM0
2338,Ingeniería en Minas,ICM0
586,Ingeniería en Negocios Internacionales,
587,Ingeniería en Negocios Internacionales - Santiago,
1068,Ingeniería en Prevención de Riesgo y Medio Ambiente,
2016,Ingeniería en Prevención de Riesgos,
2017,Ingeniería en Prevención de Riesgos,
2339,Ingeniería en Prevención de Riesgos,
2340,Ingeniería en Prevención de Riesgos,
2341,Ingeniería en Prevención de Riesgos,
2342,Ingeniería en Prevención de Riesgos,
2343,Ingeniería en Prevención de Riesgos,
2344,Ingeniería en Prevención de Riesgos,
2345,Ingeniería en Prevención de Riesgos,
2346,Ingeniería en Prevención de Riesgos,
2347,Ingeniería en Prevención de Riesgos,
2348,Ingeniería en Prevención de Riesgos,
2349,Ingeniería en Prevención de Riesgos,
2350,Ingeniería en Prevención de Riesgos,
2351,Ingeniería en Prevención de Riesgos,
2352,Ingeniería en Prevención de Riesgos,
2353,Ingeniería en Prevención de Riesgos,
2354,Ingeniería en Prevención de Riesgos,
2355,Ingeniería en Prevención de Riesgos,
2356,Ingeniería en Prevención de Riesgos,
2357,Ingeniería en Prevención de Riesgos,
2358,Ingeniería en Prevención de Riesgos,
2359,Ingeniería en Prevención de Riesgos,
2360,Ingeniería en Prevención de Riesgos,
2361,Ingeniería en Prevención de Riesgos,
2362,Ingeniería en Prevención de Riesgos,
174,Ingeniería en Prevención de Riesgos - Los Ãngeles,
307,Ingeniería en Prevención de Riesgos Laborales y Ambientales,
308,Ingeniería en Prevención de Riesgos Laborales y Ambientales,
1557,Ingeniería en Prevención de Riesgos y Medio Ambiente,
1891,Ingeniería en Prevención de Riesgos y Medio Ambiente,
1892,Ingeniería en Prevención de Riesgos y Medio Ambiente,
1893,Ingeniería en Prevención de Riesgos y Medio Ambiente,
1894,Ingeniería en Prevención de Riesgos y Medio Ambiente,
790,Ingeniería en Prevención de Riesgos y Medio Ambiente - Antofagasta,
791,Ingeniería en Prevención de Riesgos y Medio Ambiente - Coquimbo,
1202,Ingeniería en Prevención de Riesgos y Medioambiente,
1203,Ingeniería en Prevención de Riesgos y Medioambiente,
792,Ingeniería en Procesos Químicos,
2363,Ingeniería en Producción Ganadera,
2364,Ingeniería en Producción Ganadera,
2365,Ingeniería en Producción Ganadera,
2366,Ingeniería en Química Industrial,
2367,Ingeniería en Química Industrial,
1666,Ingeniería en Química y Medio Ambiente,
535,Ingeniería en Recursos Naturales,
882,Ingeniería en Recursos Naturales,
21,Ingeniería en Recursos Naturales Renovables,
1069,Ingeniería en Recursos Naturales y Renovables,
2368,Ingeniería en Refrigeración,
2369,Ingeniería en Refrigeración,
707,Ingeniería en Seguridad y Prevención de Riesgos,
708,Ingeniería en Seguridad y Prevención de Riesgos,
826,Ingeniería en Sistemas de Información y Control de Gestión,ICG0
4,Ingeniería en Sonido,
1895,Ingeniería en Sonido y Acústica,
709,Ingeniería en Telecomunicaciones,
2370,Ingeniería en Telecomunicaciones,
2371,Ingeniería en Telecomunicaciones,
2372,Ingeniería en Telecomunicaciones,
2373,Ingeniería en Telecomunicaciones,
2374,Ingeniería en Telecomunicaciones,
2375,Ingeniería en Telecomunicaciones,
2376,Ingeniería en Telecomunicaciones,
2377,Ingeniería en Telecomunicaciones,
2378,Ingeniería en Telecomunicaciones,
2379,Ingeniería en Telecomunicaciones,
2380,Ingeniería en Telecomunicaciones,
2381,Ingeniería en Telecomunicaciones,
2382,Ingeniería en Telecomunicaciones,
2383,Ingeniería en Telecomunicaciones,
2384,Ingeniería en Telecomunicaciones,
2385,Ingeniería en Telecomunicaciones,
2386,Ingeniería en Telecomunicaciones,
2387,Ingeniería en Telecomunicaciones,
2388,Ingeniería en Telecomunicaciones,
2389,Ingeniería en Telecomunicaciones,
2390,Ingeniería en Telecomunicaciones,
2391,Ingeniería en Telecomunicaciones,
1506,Ingeniería en Transporte y Tránsito,
175,Ingeniería Estadística,
240,Ingeniería Estadística,
1247,Ingeniería Estadística,
241,Ingeniería Física,
710,Ingeniería Física,
35,Ingeniería Forestal,
93,Ingeniería Forestal,
176,Ingeniería Forestal,
1304,Ingeniería Forestal,
711,Ingeniería Geológica,
177,Ingeniería Geomática - Los Ãngeles,
1664,Ingeniería Idustrial,
712,Ingeniería Industrial,CIN0
713,Ingeniería Industrial,CIN0
714,Ingeniería Industrial,CIN0
1507,Ingeniería Industrial,CIN0
2537,Ingeniería Industrial,CIN0
2538,Ingeniería Industrial,CIN0
2539,Ingeniería Industrial,CIN0
2540,Ingeniería Industrial,CIN0
536,Ingeniería Informática,ICC0
1248,Ingeniería Informática - San Felipe,ICC0
1249,Ingeniería Informática - Valparaíso,ICC0
2473,Ingeniería Informática Multimedia,ICC0
242,Ingeniería Matemática,
342,Ingeniería Mecánica,
2392,Ingeniería Mecánica en Mantenimiento Industrial,
2393,Ingeniería Mecánica en Mantenimiento Industrial,
2394,Ingeniería Mecánica en Mantenimiento Industrial,
2395,Ingeniería Mecánica en Mantenimiento Industrial,
2396,Ingeniería Mecánica en Mantenimiento Industrial,
2397,Ingeniería Mecánica en Mantenimiento Industrial,
2398,Ingeniería Mecánica en Mantenimiento Industrial,
2399,Ingeniería Mecánica en Mantenimiento Industrial,
2400,Ingeniería Mecánica en Mantenimiento Industrial,
2401,Ingeniería Mecánica en Mantenimiento Industrial,
2402,Ingeniería Mecánica en Mantenimiento Industrial,
2403,Ingeniería Mecánica en Mantenimiento Industrial,
2404,Ingeniería Mecánica en Producción Industrial,
2405,Ingeniería Mecánica en Producción Industrial,
2406,Ingeniería Mecánica en Producción Industrial,
2407,Ingeniería Mecánica en Producción Industrial,
827,Ingeniería Mecánica y Mecatrónica,
398,Ingeniería Naval,
1508,Ingeniería Química,
828,Ingeniería Química Ambiental,
22,Ingeniería y Ciencias - Plan Común,
1135,Ingenmiería Civil Geológica,
335,Ingerniería Comercial,ICO0
1134,Ingniería Civil Eléctrica,
343,Interpretación Inglés Español,
344,Interpretación Musical con mención en Instrumento Principal,
951,Interpretación Superior mención Canto,
479,Interpretación y Docencia Musical,
1896,Intérprete en Danza,
57,Kinesiología,
94,Kinesiología,
178,Kinesiología,
243,Kinesiología,
345,Kinesiología,
399,Kinesiología,
439,Kinesiología,
480,Kinesiología,
588,Kinesiología,
629,Kinesiología,
715,Kinesiología,
716,Kinesiología,
717,Kinesiología,
793,Kinesiología,
922,Kinesiología,
923,Kinesiología,
987,Kinesiología,
1028,Kinesiología,
1070,Kinesiología,
1112,Kinesiología,
1140,Kinesiología,
1204,Kinesiología,
1205,Kinesiología,
1206,Kinesiología,
1250,Kinesiología,
1305,Kinesiología,
1331,Kinesiología,
1332,Kinesiología,
1370,Kinesiología,
1406,Kinesiología,
1407,Kinesiología,
1408,Kinesiología,
1409,Kinesiología,
1558,Kinesiología,
1588,Kinesiología,
1589,Kinesiología,
1667,Kinesiología,
1741,Kinesiología,
1742,Kinesiología,
1743,Kinesiología,
1744,Kinesiología,
1745,Kinesiología,
1746,Kinesiología,
1747,Kinesiología,
1748,Kinesiología,
1749,Kinesiología,
1750,Kinesiología,
1751,Kinesiología,
1752,Kinesiología,
1753,Kinesiología,
1754,Kinesiología,
1819,Kinesiología,
1897,Kinesiología,
1898,Kinesiología,
1899,Kinesiología,
1900,Kinesiología,
1901,Kinesiología,
1902,Kinesiología,
2018,Kinesiología,
2408,Kinesiología,
2541,Kinesiología,
2542,Kinesiología,
2543,Kinesiología,
2544,Kinesiología,
2545,Kinesiología,
2546,Kinesiología,
2595,Kinesiología,
1466,Kinesiología - Casa Central Iquique,
1637,Kinesiología - Osorno,
1638,Kinesiología - Puerto Montt,
1467,Kinesiología - Sede Victoria,
1306,Kinesiología - Temuco,
829,Kinesiología y Rehabilitación,
830,Kinesiología y Rehabilitación - Iquique,
537,Kinesioloogía,
53,Lengua y Literatura Hispánicas,
52,Lengua y Literatura Inglesas,PIN0
95,Letras Hispánicas,
96,Letras Inglesas,PIN0
1333,Lic. en Educ. con mención en Alemán y Pedagogía en Alemán,
1334,Lic. en Educ. con mención en Castellano y Pedagogía en Castellano,
1335,Lic. en Educ. con mención en Francés y Pedagogía en Francés,
1336,Lic. en Educ. con mención en Hist. o Geo. y Ped. en Hist.,
1337,Lic. en Educ. con mención en Inglés y Pedagogía en Inglés,
1338,Lic. en Educ. en Biología y Pedagogía en Biología (con menciones),
1339,Lic. en Educ. en Física y Pedagogía en Física (con menciones),PEF0
1340,Lic. en Educ. Física y Ped. en Educ. Física Deportes y Recreación (damas),PEF0
1341,Lic. en Educ. Física y Ped. en Educ. Física Deportes y Recreación (varones),PEF0
1342,Lic. en Educ. Matemática y Pedagogía en Matemática (con menciones),PME0
1343,Lic. en Educ. Química y Pedagogía en Química (con menciones),
1344,Lic. en Educ. y Ped. en Educ. Diferencial en Problemas de Aprendizaje,
1345,Lic. en Educ. y Ped. en Educ. Diferencial en Trastornos de Audición y Lenguaje,
1346,Lic. en Educ. y Ped. en Educ. Diferencial Especialidad en Problemas de la Visión,
1347,Lic. en Educ. y Ped. en Educ. Diferencial Especialidad Retardo Mental,
1348,Lic. en Educ. y Ped. en Educación Básica (con menciones),BAS0
1349,Lic. en Educ. y Ped. en Educación Parvularia (con menciones),PAR0
1350,Lic. en Educ. y Ped. en Filosofía,
1351,Lic. en Educ. y Pedagogía en Artes Visuales,
1352,Lic. en Educación y Pedagogía en Música,
50,Lic. en Filosofía,
51,Lic. en Historia,
1353,Lic. en Música y Dirección de Agrupaciones Musicales Instrumentales,
346,Licenciatura en Arte,
1251,Licenciatura en Arte,
1903,Licenciatura en Artes Culinarias y Negocios Gastronómicos,
400,Licenciatura en Artes Visuales,
1071,Licenciatura en Artes Visuales,
718,Licenciatura en Astronomía,
988,Licenciatura en Astronomía,
347,Licenciatura en Biología,
719,Licenciatura en Biología,
401,Licenciatura en Ciencias,
589,Licenciatura en Ciencias,
1904,Licenciatura en Ciencias de la Actividad Física,PEF0
1905,Licenciatura en Ciencias de la Actividad Física,PEF0
1906,Licenciatura en Ciencias de la Actividad Física,PEF0
1907,Licenciatura en Ciencias de la Actividad Física,PEF0
1908,Licenciatura en Ciencias de la Actividad Física,PEF0
244,Licenciatura en Ciencias de la Actividad Física / Terapeuta en Actividad Física,PEF0
245,Licenciatura en Ciencias de la Actividad Física /Entrenador Deportivo,PEF0
246,Licenciatura en Ciencias de la Computación,ICC0
34,Licenciatura en Ciencias Mención Astronomía,
32,Licenciatura en Ciencias Mención Física,
309,Licenciatura en Ciencias mención Física,
33,Licenciatura en Ciencias Mención Geofísica,
794,Licenciatura en Ciencias Religiosas,
1141,Licenciatura en Ciencias Religiosas y Estudios Eclesiásticos,
348,Licenciatura en Ciencias y Artes Musicales,
1983,Licenciatura en Comunicación,
1559,Licenciatura en Educación,
1820,Licenciatura en Educación y Pedagogía en Educación Física,PEF0
1821,Licenciatura en Educación y Pedagogía en Educación General Básica,BAS0
1822,Licenciatura en Educación y Pedagogía en Educación Parvularia,PAR0
1823,Licenciatura en Educación y Pedagogía en Inglés,
247,Licenciatura en Estudios Internacionales,
349,Licenciatura en Filosofía,
720,Licenciatura en Filosofía,
952,Licenciatura en Filosofía,
1142,Licenciatura en Filosofía,
350,Licenciatura en Física,
721,Licenciatura en Física,
989,Licenciatura en Física,
590,Licenciatura en Física (Menciones),
795,Licenciatura en Física con Mención en Astronomía,
179,Licenciatura en Historia,
248,Licenciatura en Historia,
440,Licenciatura en Historia,
722,Licenciatura en Historia,
953,Licenciatura en Historia,
1143,Licenciatura en Historia,
1824,Licenciatura en Idioma Inglés y Traducción Inglés Español,
831,Licenciatura en Inglés,
954,Licenciatura en Lengua y Literatura,
832,Licenciatura en Lenguaje y Comunicación,
723,Licenciatura en Letras Mencíon Literatura,
249,Licenciatura en LingÃ¼ística Aplicada a la Traducción en Inglés - Japonés e Inglés - Portugués,
796,Licenciatura en Matemática,PME0
990,Licenciatura en Matemática,PME0
180,Licenciatura en Matemáticas,PME0
352,Licenciatura en Matemáticas,PME0
991,Licenciatura en Música,
181,Licenciatura en Química,
724,Licenciatura en Química,
955,Licenciatura en Teoría e Historia del Arte,
351,Licentura en Historía con mención en Ciencia Política,
630,Literatura,
1371,Literatura,
441,Literatura Creativa,
13,Matemáticas,PME0
97,Matemáticas,PME0
591,Matemáticas,PME0
58,Medicina,
98,Medicina,
182,Medicina,
250,Medicina,
402,Medicina,
442,Medicina,
481,Medicina,
538,Medicina,
592,Medicina,
631,Medicina,
725,Medicina,
726,Medicina,
727,Medicina,
797,Medicina,
833,Medicina,
924,Medicina,
1029,Medicina,
1113,Medicina,
1144,Medicina,
1207,Medicina,
1208,Medicina,
1307,Medicina,
1372,Medicina,
1410,Medicina,
1411,Medicina,
1668,Medicina,
2547,Medicina,
2548,Medicina,
593,Medicina - San Felipe,
1308,Medicina - Temuco,
45,Medicina Veterinaria,
403,Medicina Veterinaria,
728,Medicina Veterinaria,
1072,Medicina Veterinaria,
1309,Medicina Veterinaria,
1755,Medicina Veterinaria,
1756,Medicina Veterinaria,
1757,Medicina Veterinaria,
1758,Medicina Veterinaria,
1759,Medicina Veterinaria,
1760,Medicina Veterinaria,
1909,Medicina Veterinaria,
1910,Medicina Veterinaria,
1911,Medicina Veterinaria,
1912,Medicina Veterinaria,
1913,Medicina Veterinaria,
1914,Medicina Veterinaria,
1984,Medicina Veterinaria,
2019,Medicina Veterinaria,
2549,Medicina Veterinaria,
2550,Medicina Veterinaria,
2551,Medicina Veterinaria,
2552,Medicina Veterinaria,
184,Medicina Veterinaria - Chillán,
1310,Medicina Veterinaria - Temuco,
183,Medicina Veterinaria.,
99,Música,
1030,Música,
2474,Música e Interpretación,
2475,Música y Composición,
1985,Música y Tecnología,
59,Nutriciíon y Dietética,NYD0
1639,Nutrición y Alimentación,NYD0
100,Nutrición y Dietética,NYD0
185,Nutrición y Dietética,NYD0
482,Nutrición y Dietética,NYD0
539,Nutrición y Dietética,NYD0
595,Nutrición y Dietética,NYD0
632,Nutrición y Dietética,NYD0
729,Nutrición y Dietética,NYD0
730,Nutrición y Dietética,NYD0
731,Nutrición y Dietética,NYD0
798,Nutrición y Dietética,NYD0
834,Nutrición y Dietética,NYD0
883,Nutrición y Dietética,NYD0
925,Nutrición y Dietética,NYD0
926,Nutrición y Dietética,NYD0
1031,Nutrición y Dietética,NYD0
1073,Nutrición y Dietética,NYD0
1114,Nutrición y Dietética,NYD0
1145,Nutrición y Dietética,NYD0
1209,Nutrición y Dietética,NYD0
1210,Nutrición y Dietética,NYD0
1211,Nutrición y Dietética,NYD0
1252,Nutrición y Dietética,NYD0
1311,Nutrición y Dietética,NYD0
1373,Nutrición y Dietética,NYD0
1412,Nutrición y Dietética,NYD0
1413,Nutrición y Dietética,NYD0
1414,Nutrición y Dietética,NYD0
1532,Nutrición y Dietética,NYD0
1590,Nutrición y Dietética,NYD0
1591,Nutrición y Dietética,NYD0
1669,Nutrición y Dietética,NYD0
1761,Nutrición y Dietética,NYD0
1762,Nutrición y Dietética,NYD0
1763,Nutrición y Dietética,NYD0
1764,Nutrición y Dietética,NYD0
1765,Nutrición y Dietética,NYD0
1766,Nutrición y Dietética,NYD0
1767,Nutrición y Dietética,NYD0
1768,Nutrición y Dietética,NYD0
1825,Nutrición y Dietética,NYD0
1915,Nutrición y Dietética,NYD0
1916,Nutrición y Dietética,NYD0
1917,Nutrición y Dietética,NYD0
1918,Nutrición y Dietética,NYD0
1919,Nutrición y Dietética,NYD0
1920,Nutrición y Dietética,NYD0
1986,Nutrición y Dietética,NYD0
2020,Nutrición y Dietética,NYD0
2409,Nutrición y Dietética,NYD0
2410,Nutrición y Dietética,NYD0
2411,Nutrición y Dietética,NYD0
2553,Nutrición y Dietética,NYD0
2554,Nutrición y Dietética,NYD0
2555,Nutrición y Dietética,NYD0
2556,Nutrición y Dietética,NYD0
2557,Nutrición y Dietética,NYD0
2596,Nutrición y dietética,NYD0
835,Nutrición y Dietética - Iquique,NYD0
1312,Nutrición y Dietética - Temuco,NYD0
732,Obstetricia,
1212,Obstetricia,
1213,Obstetricia,
443,Obstetricia y Neonatología,
60,Obstetricia y Puericultura,
186,Obstetricia y Puericultura,
251,Obstetricia y Puericultura,
404,Obstetricia y Puericultura,
540,Obstetricia y Puericultura,
596,Obstetricia y Puericultura,
633,Obstetricia y Puericultura,
836,Obstetricia y Puericultura,
1032,Obstetricia y Puericultura,
1313,Obstetricia y Puericultura,
1415,Obstetricia y Puericultura,
1416,Obstetricia y Puericultura,
1592,Obstetricia y Puericultura,
1826,Obstetricia y Puericultura,
597,Obstetricia y Puericultura - San Felipe,
1314,Obstetricia y Puericultura - Temuco,
353,Oceanografía,
63,Odontología,
101,Odontología,
187,Odontología,
405,Odontología,
444,Odontología,
483,Odontología,
541,Odontología,
598,Odontología,
634,Odontología,
733,Odontología,
734,Odontología,
735,Odontología,
927,Odontología,
928,Odontología,
992,Odontología,
1033,Odontología,
1214,Odontología,
1315,Odontología,
1374,Odontología,
1417,Odontología,
1418,Odontología,
1468,Odontología,
2021,Odontología,
2558,Odontología,
2559,Odontología,
2560,Odontología,
2561,Odontología,
2562,Odontología,
2563,Odontología,
2564,Odontología,
1316,Odontología - Temuco,
17,Pedadogía en Ed. Media en Biología y Química,
18,Pedadogía en Ed. Media en Matemática y Física,PME0
635,Pedagogía Básica,BAS0
1074,Pedagogía Básica Intercultural en Contexto Mapuche,
354,Pedagogía de Biologíoa y Ciencias Naturales,
102,Pedagogía de Educación Media en Física,PEF0
484,Pedagogía de Educación Media en Inglés,
103,Pedagogía Educación General Básica - Villarrica,BAS0
104,Pedagogía Educación Media en Ciencias Naturales y Biología,
105,Pedagogía Educación Media en Matemática,PME0
106,Pedagogía Educación Media en Química,
1640,Pedagogía Educación Media mención Educación Física - Osorno,PEF0
1641,Pedagogía Educación Media mención Educación Física - Puerto Montt,PEF0
1642,Pedagogía Educación Media mención Historia y Geografía,
1643,Pedagogía Educación Media mención Inglés y Traducción,
1644,Pedagogía Educación Media mención Lengua Castellana y Comunicaciones,
1645,Pedagogía Educación Media mención Matemática y Computación,PME0
1670,Pedagogía en Artes Musicales,
1317,Pedagogía en Artes Musicales para Educación Básica y Media,
188,Pedagogía en Artes Plásticas,
1253,Pedagogía en Artes Plásticas,
956,Pedagogía en Artes Visuales,
2022,Pedagogía en Artes Visuales,
1254,Pedagogía en Biología y Ciencias,
837,Pedagogía en Biología y Ciencias Naturales,
957,Pedagogía en Biología y Ciencias Naturales,
1034,Pedagogía en biología y Ciencias Naturales,
1921,Pedagogía en Biología y Ciencias Naturales,
1962,Pedagogía en Biología y Ciencias Naturales,
1560,Pedagogía en Castellano,
1255,Pedagogía en Castellano - San Felipe,
1256,Pedagogía en Castellano - Valparaíso,
252,Pedagogía en Castellano / Licenciatura en Educación en Castellano,
355,Pedagogía en Castellano y Comunicación,
542,Pedagogía en Castellano y Comunicación,
838,Pedagogía en Castellano y Comunicación,
884,Pedagogía en Castellano y Comunicación,
1671,Pedagogía en Castellano y Comunicación para Enseñanza Media,
993,Pedagogía en Castellano y Filosofía,
1115,Pedagogía en Ciencias,
543,Pedagogía en Ciencias mención Biología,
885,Pedagogía en Ciencias Naturales,
189,Pedagogía en Ciencias Naturales y Biología,
190,Pedagogía en Ciencias Naturales y Biología - Los Ãngeles,
191,Pedagogía en Ciencias Naturales y Física,
192,Pedagogía en Ciencias Naturales y Química,
406,Pedagogía en Comunicación en Lengua Inglesa,PIN0
54,Pedagogía en Eduacación Básica,BAS0
1077,Pedagogía en Eduacación Física,PEF0
958,Pedagogía en Eduación Diferencial,
1116,Pedagogía en Eduación Especial,
997,Pedagogía en Eduación Parvularia,PAR0
1561,Pedagogía en Educación Artística,
407,Pedagogía en Educación Básica,BAS0
408,Pedagogía en Educación Básica,BAS0
839,Pedagogía en Educación Básica,BAS0
929,Pedagogía en Educación Básica,BAS0
1035,Pedagogía en Educación Básica,BAS0
1215,Pedagogía en Educación Básica,BAS0
1216,Pedagogía en Educación Básica,BAS0
1217,Pedagogía en Educación Básica,BAS0
1419,Pedagogía en Educación Básica,BAS0
1420,Pedagogía en Educación Básica,BAS0
1421,Pedagogía en Educación Básica,BAS0
1469,Pedagogía en Educación Básica,BAS0
1562,Pedagogía en Educación Básica,BAS0
1672,Pedagogía en Educación Básica,BAS0
1922,Pedagogía en Educación Básica,BAS0
1257,Pedagogía en Educación Básica - Diurno,BAS0
840,Pedagogía en Educación Básica - Iquique,BAS0
1258,Pedagogía en Educación Básica - Vespertino,BAS0
799,Pedagogía en Educación Básica con Especialización,BAS0
1075,Pedagogía en Educación Básica con mención,BAS0
1146,Pedagogía en Educación Básica con Menciones,BAS0
930,Pedagogía en Educación de Párvulos,PAR0
409,Pedagogía en Educación Diferencial,
994,Pedagogía en Educación diferencial,
1147,Pedagogía en Educación Diferencial,
1533,Pedagogía en Educación Diferencial,
1563,Pedagogía en Educación Diferencial,
1593,Pedagogía en Educación Diferencial,
1594,Pedagogía en Educación Diferencial,
2565,Pedagogía en Educación Diferencial,
1259,Pedagogía en Educación Diferencial - San Felipe,
1534,Pedagogía en Educación Diferencial - Sede La Serena,
1260,Pedagogía en Educación Diferencial - Valparaíso,
445,Pedagogía en Educación Diferencial con mención en Desarrollo Cognitivo,
1318,Pedagogía en Educación Diferencial con mención en Discapacidades Intelectual y Múltiples,
1963,Pedagogía en Educación Diferencial mención Dificultades Específicas del Aprendizaje,
1076,Pedagogía en Educación Diferencial N.E.E.T y DEF,
193,Pedagogía en Educación Física,PEF0
410,Pedagogía en Educación Física,PEF0
544,Pedagogía en Educación Física,PEF0
886,Pedagogía en Educación Física,PEF0
1117,Pedagogía en Educación Física,PEF0
1148,Pedagogía en Educación Física,PEF0
1319,Pedagogía en Educación Física,PEF0
1422,Pedagogía en Educación Física,PEF0
1423,Pedagogía en Educación Física,PEF0
1424,Pedagogía en Educación Física,PEF0
1470,Pedagogía en Educación Física,PEF0
1535,Pedagogía en Educación Física,PEF0
1564,Pedagogía en Educación Física,PEF0
1595,Pedagogía en Educación Física,PEF0
1596,Pedagogía en Educación Física,PEF0
1769,Pedagogía en Educación Física,PEF0
1770,Pedagogía en Educación Física,PEF0
1923,Pedagogía en Educación Física,PEF0
1924,Pedagogía en Educación Física,PEF0
1925,Pedagogía en Educación Física,PEF0
1964,Pedagogía en Educación Física,PEF0
2023,Pedagogía en Educación Física,PEF0
2024,Pedagogía en Educación Física,PEF0
2566,Pedagogía en Educación Física,PEF0
2567,Pedagogía en Educación Física,PEF0
2568,Pedagogía en Educación Física,PEF0
2569,Pedagogía en Educación Física,PEF0
2570,Pedagogía en Educación Física,PEF0
2605,Pedagogía en Educación Física,PEF0
1536,Pedagogía en educación Física - Sede La Serena,PEF0
1261,Pedagogía en Educación Física (Damas),PEF0
1262,Pedagogía en Educación Física (Varones),PEF0
253,Pedagogía en Educación Física / Licenciatura en Ciencias de la Actividad Física,PEF0
1036,Pedagogía en Educación Física Damas,PEF0
1673,Pedagogía en Educación Física para Enseñanaza Básica y Media,PEF0
1037,Pedagogía en Educación Física Varones,PEF0
446,Pedagogía en Educación General Básica,BAS0
887,Pedagogía en Educación General Básica,BAS0
995,Pedagogía en Educación General Básica,BAS0
1537,Pedagogía en Educación General Básica,BAS0
1597,Pedagogía en Educación General Básica,BAS0
1598,Pedagogía en Educación General Básica,BAS0
1965,Pedagogía en Educación General Básica,BAS0
2571,Pedagogía en Educación General Básica,BAS0
254,Pedagogía en Educación General Básica / Licenciatura en Educación General Básica,BAS0
1118,Pedagogía en Educación General Básica con Mención - Curicó,BAS0
1119,Pedagogía en Educación General Básica con Mención - Talca,BAS0
485,Pedagogía en Educación General Básica con mención en Alemán,BAS0
888,Pedagogía en Educación Matemática,PME0
486,Pedagogía en Educación Media en Alemán,
1646,Pedagogía en Educación Media en Artes,
1149,Pedagogía en Educación Media en Biología y Ciencias Naturales,
1150,Pedagogía en Educación Media en Ingles,
1151,Pedagogía en Educación Media en Lenguaje y Comunicación,
1152,Pedagogía en Educación Media en Matemática,PME0
487,Pedagogía en Educación Media en Matemáticas,PME0
2412,Pedagogía en Educación Media mención Artes Musicales,
194,Pedagogía en Educación Musical,
996,Pedagogía en Educación Musical,
1263,Pedagogía en Educación Musical,
41,Pedagogía en Educación Parvaluria,
447,Pedagogía en Educación Parvularia,PAR0
889,Pedagogía en Educación Parvularia,PAR0
1425,Pedagogía en Educación Parvularia,PAR0
1426,Pedagogía en Educación Parvularia,PAR0
1427,Pedagogía en Educación Parvularia,PAR0
1599,Pedagogía en Educación Parvularia,PAR0
1674,Pedagogía en Educación Parvularia,PAR0
2593,Pedagogía en Educación Parvularia,PAR0
488,Pedagogía en Educación Parvularia con mención en Alemán,PAR0
489,Pedagogía en Educación Parvularia con mención Inglés,PAR0
1320,Pedagogía en Educación Parvularia y Básica para Primer Ciclo,BAS0
107,Pedagogía en Educación Parvularia.,PAR0
108,Pedagogía en Educación Parvularia.,PAR0
1565,Pedagogía en Educación Técnica y Formación Profesional,
195,Pedagogía en Español,
196,Pedagogía en Filosofía,
356,Pedagogía en Filosofía,
599,Pedagogía en Filosofía,
959,Pedagogía en Filosofía,
1264,Pedagogía en Filosofía,
1566,Pedagogía en Filosofía,
255,Pedagogía en Filosofía / Licenciatura en Educación en Filosofía,
800,Pedagogía en Filosofía y Religión,
357,Pedagogía en Física,
1265,Pedagogía en Física,
841,Pedagogía en Física y Matemática,PME0
256,Pedagogía en Física y Matemática / Licenciatura en Educación en Física y Matemática,PME0
358,Pedagogía en Historia,
545,Pedagogía en Historia,
1078,Pedagogía en historia,
1428,Pedagogía en Historia,
1926,Pedagogía en Historia,
411,Pedagogía en Historia y Ciencias Sociales,
600,Pedagogía en Historia y Ciencias Sociales,
960,Pedagogía en Historia y Ciencias Sociales,
2025,Pedagogía en Historia y Ciencias Sociales,
257,Pedagogía en Historia y Ciencias Sociales / Licenciatura en Educación en Historia y Ciencias Sociales,
1675,Pedagogía en Historia y Ciencias Sociales para Enseñanza Media,
197,Pedagogía en Historia y Geografía,
842,Pedagogía en Historia y Geografía,
890,Pedagogía en Historia y Geografía,
998,Pedagogía en Historia y Geografía,
1567,Pedagogía en Historia y Geografía,
1966,Pedagogía en Historia y Geografía,
1266,Pedagogía en Historia y Geografía - Diurno,
1267,Pedagogía en Historia y Geografía - San Felipe,
1268,Pedagogía en Historia y Geografía - Vespertino,
1600,Pedagogía en Historia y Geografía en Enseñanza Media,
1601,Pedagogía en Historia y Geografía en Enseñanza Media,
736,Pedagogía en Ingles,
737,Pedagogía en Ingles,
738,Pedagogía en Ingles,
801,Pedagogía en Ingles,
891,Pedagogía en Ingles,
961,Pedagogía en Ingles,
999,Pedagogía en Ingles,
1079,Pedagogía en Ingles,
1120,Pedagogía en Ingles,
198,Pedagogía en Inglés,
359,Pedagogía en Inglés,
448,Pedagogía en Inglés,
546,Pedagogía en Inglés,
843,Pedagogía en Inglés,
1429,Pedagogía en Inglés,
1430,Pedagogía en Inglés,
1431,Pedagogía en Inglés,
1432,Pedagogía en Inglés,
1471,Pedagogía en Inglés,
1568,Pedagogía en Inglés,
1927,Pedagogía en Inglés,
1967,Pedagogía en Inglés,
2026,Pedagogía en Inglés,
1269,Pedagogía en Inglés - Diurno,
1270,Pedagogía en Inglés - San Felipe,
1271,Pedagogía en Inglés - Vespertino,
258,Pedagogía en Inglés / Licenciatura en Educación en Inglés,
1602,Pedagogía en Inglés en Enseñanza Básica y Media,
1603,Pedagogía en Inglés en Enseñanza Básica y Media,
1321,Pedagogía en Inglés para Educación Básica y Media,
1676,Pedagogía en Inglés para Enseñanza Básica y Media,
962,Pedagogía en Lengua Castellana y Comunicación,
1080,Pedagogía en Lengua Castellana y Comunicación,
1121,Pedagogía en Lengua Castellana y Comunicación,
1472,Pedagogía en Lengua Castellana y Comunicación,
1968,Pedagogía en Lengua Castellana y Comunicación,
1928,Pedagogía en Lengua Castellana y Literatura,
1538,Pedagogía en Lengua y Cultura Inglesas,PIN0
412,Pedagogía en Lenguaje y Comunicación,
1038,Pedagogía en Lenguaje y Comunicación,
2027,Pedagogía en Lenguaje y Literatura,
547,Pedagogía en Matemática,PME0
963,Pedagogía en Matemática,PME0
1272,Pedagogía en Matemática,PME0
802,Pedagogía en Matemática en Educación Media,PME0
1122,Pedagogia en Matematica y Computación,PME0
199,Pedagogía en Matemática y Computación,PME0
1969,Pedagogía en Matemática y Computación,PME0
259,Pedagogía en Matemática y Computación / Licenciatura en Educación en Matemática y Computación,PME0
200,Pedagogía en Matemática y Educación Tecnológica - Los Ãngeles,PME0
1539,Pedagogía en Matemática y Estadística,PME0
1929,Pedagogía en Matemática y Estadística,PME0
1001,Pedagogía en Matemática y Física,PME0
1473,Pedagogía en Matemática y Física,PME0
360,Pedagogía en Matemáticas,PME0
413,Pedagogía en Matemáticas,PME0
844,Pedagogía en Matemáticas,PME0
1039,Pedagogía en Matemáticas,PME0
1569,Pedagogía en Matemáticas e Informática Educativa,PME0
1677,Pedagogía en Matemáticas para Enseñanza Media,PME0
361,Pedagogía en Música,
594,Pedagogía en Música,
964,Pedagogía en Música,
1970,Pedagogía en Música mención Eduación Extraescolar,
260,Pedagogía en Química y Biología,
1273,Pedagogía en Química y Ciencia,
362,Pedagogía en Química y Ciencias Naturales,
845,Pedagogía en Química y Ciencias Naturales,
1570,Pedagogía en Religión Educación Básica y Media,
1081,Pedagogía en Religión Modalidad,
1123,Pedagogía en Religión y Filosofía,
1375,Pedagogía en Religión y Moral Católica,
109,Pedagogía General Básica,BAS0
1000,Pedagogía Matemática y computación,PME0
1082,Pedagogía Media en Ciencias Naturales y Biología,
636,Pedagogía Media en Filosofía,
449,Pedagogía Media en Historia y Ciencias Sociales,
1218,Pedagogía Media en Historia y Geografía,
1219,Pedagogía Media en Historia y Geografía,
1220,Pedagogía Media en Inglés,
1221,Pedagogía Media en Inglés,
1222,Pedagogía Media en Inglés,
450,Pedagogía Media en Lengua Castellana y Comunicación,
638,Pedagogía Media en Lengua y Literatura,
1223,Pedagogía Media en Lenguaje y Comunicación,
1083,Pedagogía Media en Matemática,PME0
1153,Pedagogía Media en Religión y Educación Moral,
637,Pedagoía Media en Historia y Ciencias Sociales,
66,Periodismo,PER0
110,Periodismo,PER0
201,Periodismo,PER0
261,Periodismo,PER0
363,Periodismo,PER0
414,Periodismo,PER0
451,Periodismo,PER0
507,Periodismo,PER0
508,Periodismo,PER0
548,Periodismo,PER0
639,Periodismo,PER0
739,Periodismo,PER0
803,Periodismo,PER0
931,Periodismo,PER0
932,Periodismo,PER0
965,Periodismo,PER0
1002,Periodismo,PER0
1154,Periodismo,PER0
1274,Periodismo,PER0
1322,Periodismo,PER0
1376,Periodismo,PER0
1540,Periodismo,PER0
1604,Periodismo,PER0
1771,Periodismo,PER0
1772,Periodismo,PER0
1930,Periodismo,PER0
1987,Periodismo,PER0
2028,Periodismo,PER0
2476,Periodismo,PER0
549,Plan Común Ingeniería Civil,
846,Profesor de Educación Física,PEF0
7,Programa Académico Bachillerato,
740,Programa de Pedagogía en Eduación Meda para Licenciados,
741,Programa de Pedagogía en Eduación Meda para Licenciados,
742,Programa de Pedagogía en Eduación Meda para Licenciados,
42,Psicología,PSI0
111,Psicología,PSI0
202,Psicología,PSI0
262,Psicología,PSI0
364,Psicología,PSI0
415,Psicología,PSI0
452,Psicología,PSI0
490,Psicología,PSI0
509,Psicología,PSI0
510,Psicología,PSI0
550,Psicología,PSI0
601,Psicología,PSI0
640,Psicología,PSI0
743,Psicología,PSI0
744,Psicología,PSI0
745,Psicología,PSI0
804,Psicología,PSI0
847,Psicología,PSI0
892,Psicología,PSI0
933,Psicología,PSI0
934,Psicología,PSI0
966,Psicología,PSI0
1003,Psicología,PSI0
1040,Psicología,PSI0
1084,Psicología,PSI0
1124,Psicología,PSI0
1224,Psicología,PSI0
1225,Psicología,PSI0
1226,Psicología,PSI0
1275,Psicología,PSI0
1323,Psicología,PSI0
1377,Psicología,PSI0
1433,Psicología,PSI0
1434,Psicología,PSI0
1435,Psicología,PSI0
1436,Psicología,PSI0
1541,Psicología,PSI0
1571,Psicología,PSI0
1605,Psicología,PSI0
1606,Psicología,PSI0
1620,Psicología,PSI0
1678,Psicología,PSI0
1773,Psicología,PSI0
1774,Psicología,PSI0
1775,Psicología,PSI0
1776,Psicología,PSI0
1777,Psicología,PSI0
1778,Psicología,PSI0
1779,Psicología,PSI0
1780,Psicología,PSI0
1781,Psicología,PSI0
1782,Psicología,PSI0
1783,Psicología,PSI0
1784,Psicología,PSI0
1785,Psicología,PSI0
1827,Psicología,PSI0
1931,Psicología,PSI0
1932,Psicología,PSI0
1933,Psicología,PSI0
1934,Psicología,PSI0
1935,Psicología,PSI0
1936,Psicología,PSI0
1971,Psicología,PSI0
1988,Psicología,PSI0
2029,Psicología,PSI0
2030,Psicología,PSI0
2477,Psicología,PSI0
2572,Psicología,PSI0
2573,Psicología,PSI0
2574,Psicología,PSI0
2575,Psicología,PSI0
2576,Psicología,PSI0
2577,Psicología,PSI0
2578,Psicología,PSI0
2579,Psicología,PSI0
2580,Psicología,PSI0
2581,Psicología,PSI0
2582,Psicología,PSI0
2583,Psicología,PSI0
2584,Psicología,PSI0
2585,Psicología,PSI0
1474,Psicología - Casa Central Iquique,PSI0
848,Psicología - Iquique,PSI0
1647,Psicología - Osorno,PSI0
1648,Psicología - Puerto Montt,PSI0
1542,Psicología - Sede La Serena,PSI0
1475,Psicología - Sede Victoria,PSI0
1324,Psicología - Temuco,PSI0
416,Psicología Puerto Montt,PSI0
746,Psicopedagogía,
747,Psicopedagogía,
748,Psicopedagogía,
1325,Psicopedagogía,
2031,Psicopedagogía,
2032,Psicopedagogía,
2413,Psicopedagogía,
2414,Psicopedagogía,
2415,Psicopedagogía,
2416,Psicopedagogía,
2417,Psicopedagogía,
2418,Psicopedagogía,
2419,Psicopedagogía,
2420,Psicopedagogía,
2421,Psicopedagogía,
2422,Psicopedagogía,
2423,Psicopedagogía,
2424,Psicopedagogía,
112,Publicidad,PUB0
263,Publicidad,PUB0
453,Publicidad,PUB0
641,Publicidad,PUB0
749,Publicidad,PUB0
935,Publicidad,PUB0
1378,Publicidad,PUB0
1543,Publicidad,PUB0
1937,Publicidad,PUB0
1989,Publicidad,PUB0
2478,Publicidad,PUB0
1437,Publicidad y Comunicación Integral,PUB0
38,Quimica,
14,Química,
113,Química,
1004,Química,
19,Química Ambiental,
1041,Química Ambiental,
1155,Química Ambiental,
365,Química Industrial,
805,Química Industrial,
1509,Química Industrial,
39,Química y Farmacia,
114,Química y Farmacia,
203,Química y Farmacia,
264,Química y Farmacia,
417,Química y Farmacia,
551,Química y Farmacia,
602,Química y Farmacia,
750,Química y Farmacia,
751,Química y Farmacia,
806,Química y Farmacia,
1227,Química y Farmacia,
1228,Química y Farmacia,
1476,Química y Farmacia,
265,Química y Licenciatura en Química,
204,Químico Analista,
849,Químico Laboratista,
1794,Relaciones Públicas,
1795,Relaciones Públicas,
1938,Relaciones Públicas,
1939,Relaciones Públicas,
1990,Relaciones Públicas,
2033,Relaciones Públicas,
2479,Relaciones Públicas,
1438,Relaciones Públicas y Comunicación Estartégica,
1607,Relaciones Públicas y Comunicación Estartégica,
43,Sociología,SOC0
115,Sociología,SOC0
205,Sociología,SOC0
454,Sociología,SOC0
552,Sociología,SOC0
603,Sociología,SOC0
752,Sociología,SOC0
753,Sociología,SOC0
967,Sociología,SOC0
1085,Sociología,SOC0
1125,Sociología,SOC0
1276,Sociología,SOC0
1477,Sociología,SOC0
1572,Sociología,SOC0
2034,Sociología,SOC0
1544,Sociología - Sede La Serena,SOC0
1545,Sociología - Sede Santiago,SOC0
604,Teatro,
1277,Teatro,
1326,Teatro,
1379,Teatro,
1940,Teatro y Comunicación Escénica,
2480,Teatro y Comunicación Escénica,
1510,Técnico de Nivel Superior en Gestiónn Pública,
1086,Técnico Universitario en Acuicultura,
1439,Técnico Universitario en Administración,
1087,Técnico Universitario en Administración de Empresas,IAN0
266,Técnico Universitario en Análisis Químico y Físico,
267,Técnico Universitario en Análisis Químico y Físico - Vespertino,
1088,Técnico Universitario en Construcción y Obras Civiles,CON0
1089,Técnico Universitario en Educación de Párvulos,PAR0
310,Técnico Universitario en Electricidad,
311,Técnico Universitario en Electricidad,
1828,Técnico Universitario en Energías Renovables y Eficiencia Energética,
1829,Técnico Universitario en Minas,ICM0
1090,Técnico Universitario en Preparación Física,PEF0
1091,Técnico Universitario en Prevención de Riesgos y Medio Ambiente,
1093,Técnico Universitario en Redes y Telecomunicaciones,
1094,Técnico Universitario en Topografía y Geomensura,
1095,Técnico Universitario en Turismo,
1092,Técnico Unuversitario en Producción Agropecuaria,IAG0
1278,Tecnología en Deportes y Recreación,
2425,Tecnología en Sonido,
61,Tecnología Médica,TEM0
206,Tecnología Médica,TEM0
418,Tecnología Médica,TEM0
455,Tecnología Médica,TEM0
491,Tecnología Médica,TEM0
553,Tecnología Médica,TEM0
605,Tecnología Médica,TEM0
754,Tecnología Médica,TEM0
755,Tecnología Médica,TEM0
756,Tecnología Médica,TEM0
936,Tecnología Médica,TEM0
1042,Tecnología Médica,TEM0
1096,Tecnología Médica,TEM0
1156,Tecnología Médica,TEM0
1229,Tecnología Médica,TEM0
1230,Tecnología Médica,TEM0
1327,Tecnología Médica,TEM0
1546,Tecnología Médica,TEM0
1608,Tecnología Médica,TEM0
2035,Tecnología Médica,TEM0
2586,Tecnología Médica,TEM0
2587,Tecnología Médica,TEM0
2588,Tecnología Médica,TEM0
850,Tecnología Médica - Imagenología y Fisica Medica,TEM0
851,Tecnología Médica - Laboratorio Clínico,TEM0
852,Tecnología Médica - Oftalmología y Optometría,TEM0
606,Tecnología Médica - San Felipe,TEM0
1328,Tecnología Médica - Temuco,TEM0
366,Tecnología Médica con Mención en Oftalmología y Contactología,TEM0
419,Tecnología Médica Puerto Montt,TEM0
1830,Tecnólogo en Administración de Empresas,TAE0
268,Tecnólogo en Administración de Personal,
269,Tecnólogo en Alimentos,
270,Tecnólogo en Automatización Industrial,
271,Tecnólogo en Construcciones,CON0
272,Tecnólogo en Control Industrial,
273,Tecnólogo en Diseño Industrial,
1831,Técnologo en Electricidad,
1832,Técnologo en Instrumentación y Automatización Industrial,
274,Tecnólogo en Mantenimiento Industrial,
275,Tecnólogo en Telecomunicaciones,
1833,Ténologo en Metalurgia,
116,Teología,
1972,Teología,
5,Teoría de la Música,
6,Teoría e Historia del Arte,
62,Terapia Ocupacional,TOS0
276,Terapia Ocupacional,TOS0
420,Terapia Ocupacional,TOS0
554,Terapia Ocupacional,TOS0
642,Terapia Ocupacional,TOS0
757,Terapia Ocupacional,TOS0
758,Terapia Ocupacional,TOS0
759,Terapia Ocupacional,TOS0
1043,Terapia Ocupacional,TOS0
1097,Terapia Ocupacional,TOS0
1231,Terapia Ocupacional,TOS0
1232,Terapia Ocupacional,TOS0
1279,Terapia Ocupacional,TOS0
1329,Terapia Ocupacional,TOS0
1440,Terapia Ocupacional,TOS0
1441,Terapia Ocupacional,TOS0
1442,Terapia Ocupacional,TOS0
1443,Terapia Ocupacional,TOS0
1547,Terapia Ocupacional,TOS0
1609,Terapia Ocupacional,TOS0
1679,Terapia Ocupacional,TOS0
1786,Terapia Ocupacional,TOS0
1787,Terapia Ocupacional,TOS0
1788,Terapia Ocupacional,TOS0
1789,Terapia Ocupacional,TOS0
1790,Terapia Ocupacional,TOS0
1791,Terapia Ocupacional,TOS0
1792,Terapia Ocupacional,TOS0
1793,Terapia Ocupacional,TOS0
1941,Terapia Ocupacional,TOS0
1942,Terapia Ocupacional,TOS0
1943,Terapia Ocupacional,TOS0
1944,Terapia Ocupacional,TOS0
2036,Terapia Ocupacional,TOS0
2597,Terapia Ocupacional,TOS0
1330,Terapia Ocupacional - Temuco,TOS0
44,Trabajo Social,TRA0
117,Trabajo Social,TRA0
207,Trabajo Social,TRA0
367,Trabajo Social,TRA0
555,Trabajo Social,TRA0
607,Trabajo Social,TRA0
760,Trabajo Social,TRA0
761,Trabajo Social,TRA0
762,Trabajo Social,TRA0
853,Trabajo Social,TRA0
968,Trabajo Social,TRA0
1044,Trabajo Social,TRA0
1098,Trabajo Social,TRA0
1126,Trabajo Social,TRA0
1157,Trabajo Social,TRA0
1233,Trabajo Social,TRA0
1234,Trabajo Social,TRA0
1444,Trabajo Social,TRA0
1445,Trabajo Social,TRA0
1446,Trabajo Social,TRA0
1478,Trabajo Social,TRA0
1511,Trabajo Social,TRA0
1548,Trabajo Social,TRA0
1573,Trabajo Social,TRA0
1649,Trabajo Social,TRA0
1680,Trabajo Social,TRA0
1796,Trabajo Social,TRA0
1797,Trabajo Social,TRA0
1798,Trabajo Social,TRA0
1799,Trabajo Social,TRA0
1800,Trabajo Social,TRA0
1801,Trabajo Social,TRA0
1802,Trabajo Social,TRA0
1803,Trabajo Social,TRA0
1804,Trabajo Social,TRA0
1805,Trabajo Social,TRA0
1806,Trabajo Social,TRA0
1807,Trabajo Social,TRA0
1808,Trabajo Social,TRA0
1809,Trabajo Social,TRA0
1834,Trabajo Social,TRA0
1945,Trabajo Social,TRA0
1946,Trabajo Social,TRA0
1947,Trabajo Social,TRA0
1948,Trabajo Social,TRA0
1973,Trabajo Social,TRA0
1991,Trabajo Social,TRA0
2037,Trabajo Social,TRA0
2426,Trabajo Social,TRA0
2427,Trabajo Social,TRA0
2428,Trabajo Social,TRA0
2429,Trabajo Social,TRA0
2430,Trabajo Social,TRA0
2431,Trabajo Social,TRA0
2432,Trabajo Social,TRA0
2433,Trabajo Social,TRA0
2481,Trabajo Social,TRA0
893,Trabajo Social - Chillán,TRA0
894,Trabajo Social - Concepción,TRA0
854,Trabajo Social - Iquique,TRA0
208,Traducción - Interpretación en Idiomas Extrajeros,
1280,Traducción e Interpretación Inglés - Español,
2482,Traducción e Interpretariado Bilingue (Inglés - Español),
1949,Traducción e Intérprete en Inglés,
1950,Traducción e Intérprete en Inglés,
1479,Traducción Inglés - Español,
368,Traducción Inglés Español,
1099,Traducción Inglés Español,
2434,Traductocción Inglés- Español,
2435,Traductocción Inglés- Español,
2436,Traductocción Inglés- Español,
2437,Traductocción Inglés- Español,
2438,Traductocción Inglés- Español,
2439,Traductocción Inglés- Español,
2440,Traductocción Inglés- Español,
2441,Traductocción Inglés- Español,
2442,Traductocción Inglés- Español,
2443,Traductocción Inglés- Español,
2444,Traductocción Inglés- Español,
2445,Traductocción Inglés- Español,
2446,Traductocción Inglés- Español,
2447,Traductocción Inglés- Español,
2448,Traductocción Inglés- Español,
2449,Traductocción Inglés- Español,
2450,Traductocción Inglés- Español,
2451,Traductocción Inglés- Español,
2452,Traductocción Inglés- Español,
2453,Traductocción Inglés- Español,
1005,Traductor Inglés,